   n, insertion_cmp, insertion_swaps, insertion_time, bubble_cmp, bubble_swaps, bubble_time
   0,             0,               0,              0,          0,            0,           0
   1,             0,               0,              0,          0,            0,           0
   2,             1,               0,              0,          1,            0,           0
   3,             3,               2,              0,          3,            2,           0
   4,             4,               2,              0,          6,            2,           0
   5,             5,               2,              0,         10,            2,           0
   6,             6,               2,              0,         15,            2,           0
   7,             7,               2,              0,         21,            2,           0
   8,             8,               2,              0,         28,            2,           0
   9,             9,               2,              0,         36,            2,           0
  10,            10,               2,              0,         45,            2,           0
  11,            11,               2,              0,         55,            2,           0
  12,            13,               3,              0,         66,            3,           0
  13,            14,               3,              0,         78,            3,           0
  14,            15,               3,              0,         91,            3,           0
  15,            16,               3,              0,        105,            3,           0
  16,            17,               3,              0,        120,            3,           0
  17,            19,               4,              0,        136,            4,           0
  18,            20,               4,              0,        153,            4,           0
  19,            21,               4,              0,        171,            4,           0
  20,            23,               5,              0,        190,            5,           0
  21,            25,               6,              0,        210,            6,           0
  22,            26,               6,              0,        231,            6,           0
  23,            27,               6,              0,        253,            6,           0
  24,            28,               6,              0,        276,            6,           0
  25,            29,               6,              0,        300,            6,           0
  26,            31,               7,              0,        325,            7,           0
  27,            33,               8,              0,        351,            8,           0
  28,            36,              10,              0,        378,           10,           0
  29,            37,              10,              0,        406,           10,           0
  30,            38,              10,              0,        435,           10,           0
  31,            40,              11,              0,        465,           11,           0
  32,            41,              11,              0,        496,           11,           0
  33,            42,              11,              0,        528,           11,           0
  34,            43,              11,              0,        561,           11,           0
  35,            45,              12,              0,        595,           12,           0
  36,            46,              12,              0,        630,           12,           0
  37,            47,              12,              0,        666,           12,           0
  38,            48,              12,              0,        703,           12,           0
  39,            49,              12,              0,        741,           12,           0
  40,            51,              13,              0,        780,           13,           0
  41,            52,              13,              0,        820,           13,           0
  42,            53,              13,              0,        861,           13,           0
  43,            54,              13,              0,        903,           13,           0
  44,            55,              13,              0,        946,           13,           0
  45,            56,              13,              0,        990,           13,           0
  46,            57,              13,              0,       1035,           13,           0
  47,            59,              14,              0,       1081,           14,           0
  48,            61,              15,              0,       1128,           15,           0
  49,            62,              15,              0,       1176,           15,           0
  50,            63,              15,              0,       1225,           15,           0
  51,            65,              16,              0,       1275,           16,           0
  52,            67,              17,              0,       1326,           17,           0
  53,            70,              19,              0,       1378,           19,          15
  54,            73,              21,              0,       1431,           21,           1
  55,            74,              21,              0,       1485,           21,           0
  56,            75,              21,              0,       1540,           21,           0
  57,            76,              21,              0,       1596,           21,           0
  58,            77,              21,              0,       1653,           21,           0
  59,            78,              21,              0,       1711,           21,           0
  60,            79,              21,              0,       1770,           21,           0
  61,            80,              21,              0,       1830,           21,           0
  62,            81,              21,              0,       1891,           21,           0
  63,            82,              21,              0,       1953,           21,           0
  64,            84,              22,              0,       2016,           22,           0
  65,            85,              22,              0,       2080,           22,           0
  66,            86,              22,              0,       2145,           22,           0
  67,            87,              22,              0,       2211,           22,           0
  68,            89,              23,              0,       2278,           23,           0
  69,            92,              25,              0,       2346,           25,           0
  70,            96,              28,              0,       2415,           28,           0
  71,           100,              31,              0,       2485,           31,           0
  72,           101,              31,              0,       2556,           31,          14
  73,           102,              31,              0,       2628,           31,           1
  74,           103,              31,              0,       2701,           31,           0
  75,           104,              31,              0,       2775,           31,           0
  76,           105,              31,              0,       2850,           31,           0
  77,           106,              31,              0,       2926,           31,           0
  78,           108,              32,              0,       3003,           32,           0
  79,           111,              34,              0,       3081,           34,           0
  80,           112,              34,              0,       3160,           34,           0
  81,           113,              34,              0,       3240,           34,           0
  82,           114,              34,              0,       3321,           34,           0
  83,           116,              35,              0,       3403,           35,           0
  84,           117,              35,              0,       3486,           35,           0
  85,           120,              37,              0,       3570,           37,          14
  86,           124,              40,              0,       3655,           40,           0
  87,           125,              40,              0,       3741,           40,           0
  88,           126,              40,              0,       3828,           40,           0
  89,           127,              40,              0,       3916,           40,           0
  90,           128,              40,              0,       4005,           40,           0
  91,           130,              41,              0,       4095,           41,           0
  92,           131,              41,              0,       4186,           41,           0
  93,           132,              41,              0,       4278,           41,           0
  94,           133,              41,              0,       4371,           41,           0
  95,           134,              41,              0,       4465,           41,           0
  96,           135,              41,              0,       4560,           41,          15
  97,           139,              44,              0,       4656,           44,           1
  98,           144,              48,              0,       4753,           48,           0
  99,           145,              48,              0,       4851,           48,           0
 100,           146,              48,              0,       4950,           48,           0
 101,           147,              48,              0,       5050,           48,           0
 102,           148,              48,              0,       5151,           48,           0
 103,           149,              48,              0,       5253,           48,           0
 104,           150,              48,              0,       5356,           48,           0
 105,           151,              48,              0,       5460,           48,          14
 106,           152,              48,              0,       5565,           48,           1
 107,           154,              49,              0,       5671,           49,           0
 108,           156,              50,              0,       5778,           50,           0
 109,           160,              53,              0,       5886,           53,           0
 110,           163,              55,              0,       5995,           55,          11
 111,           164,              55,              0,       6105,           55,           2
 112,           165,              55,              0,       6216,           55,           3
 113,           167,              56,              0,       6328,           56,           0
 114,           169,              57,              0,       6441,           57,           0
 115,           173,              60,              0,       6555,           60,           0
 116,           174,              60,              0,       6670,           60,           0
 117,           175,              60,              0,       6786,           60,           0
 118,           176,              60,              0,       6903,           60,          14
 119,           179,              62,              0,       7021,           62,           0
 120,           180,              62,              0,       7140,           62,           0
 121,           181,              62,              0,       7260,           62,           0
 122,           182,              62,              0,       7381,           62,           0
 123,           183,              62,              0,       7503,           62,           0
 124,           184,              62,              0,       7626,           62,          16
 125,           185,              62,              0,       7750,           62,           0
 126,           186,              62,              0,       7875,           62,           0
 127,           187,              62,              0,       8001,           62,           0
 128,           188,              62,              0,       8128,           62,           0
 129,           191,              64,              0,       8256,           64,           0
 130,           192,              64,              0,       8385,           64,          15
 131,           193,              64,              0,       8515,           64,           0
 132,           194,              64,              0,       8646,           64,           0
 133,           196,              65,              0,       8778,           65,           0
 134,           197,              65,              0,       8911,           65,           0
 135,           198,              65,              0,       9045,           65,          15
 136,           199,              65,              0,       9180,           65,           0
 137,           200,              65,              0,       9316,           65,           0
 138,           201,              65,              0,       9453,           65,           0
 139,           202,              65,              0,       9591,           65,           0
 140,           203,              65,              0,       9730,           65,          15
 141,           204,              65,              0,       9870,           65,           0
 142,           205,              65,              0,      10011,           65,           0
 143,           208,              67,              0,      10153,           67,           0
 144,           209,              67,              0,      10296,           67,           0
 145,           210,              67,              0,      10440,           67,          15
 146,           212,              68,              0,      10585,           68,           0
 147,           213,              68,              0,      10731,           68,           7
 148,           214,              68,              0,      10878,           68,           0
 149,           215,              68,              0,      11026,           68,           9
 150,           217,              69,              0,      11175,           69,           0
 151,           219,              70,              0,      11325,           70,           0
 152,           220,              70,              0,      11476,           70,           0
 153,           221,              70,              0,      11628,           70,          15
 154,           222,              70,              0,      11781,           70,           0
 155,           223,              70,              0,      11935,           70,           0
 156,           224,              70,              0,      12090,           70,           0
 157,           225,              70,              0,      12246,           70,          15
 158,           226,              70,              0,      12403,           70,           2
 159,           228,              71,              0,      12561,           71,           0
 160,           229,              71,              0,      12720,           71,           0
 161,           230,              71,              0,      12880,           71,          14
 162,           232,              72,              0,      13041,           72,           0
 163,           233,              72,              0,      13203,           72,           0
 164,           234,              72,              0,      13366,           72,           0
 165,           236,              73,              0,      13530,           73,          15
 166,           239,              75,              0,      13695,           75,           0
 167,           243,              78,              0,      13861,           78,           0
 168,           248,              82,              0,      14028,           82,          15
 169,           249,              82,              0,      14196,           82,           0
 170,           250,              82,              0,      14365,           82,           0
 171,           251,              82,              0,      14535,           82,          12
 172,           252,              82,              0,      14706,           82,           3
 173,           253,              82,              0,      14878,           82,           0
 174,           254,              82,              0,      15051,           82,           0
 175,           256,              83,              0,      15225,           83,          15
 176,           257,              83,              0,      15400,           83,           0
 177,           258,              83,              0,      15576,           83,           0
 178,           260,              84,              0,      15753,           84,          15
 179,           261,              84,              0,      15931,           84,           0
 180,           262,              84,              0,      16110,           84,           0
 181,           263,              84,              0,      16290,           84,          15
 182,           264,              84,              0,      16471,           84,           0
 183,           265,              84,              0,      16653,           84,           0
 184,           267,              85,              0,      16836,           85,          15
 185,           269,              86,              0,      17020,           86,           0
 186,           272,              88,              0,      17205,           88,          14
 187,           274,              89,              0,      17391,           89,           0
 188,           275,              89,              0,      17578,           89,           9
 189,           276,              89,              0,      17766,           89,           6
 190,           277,              89,              0,      17955,           89,           4
 191,           279,              90,              0,      18145,           90,           0
 192,           282,              92,              0,      18336,           92,          11
 193,           286,              95,              0,      18528,           95,           8
 194,           291,              99,              0,      18721,           99,           6
 195,           292,              99,              0,      18915,           99,           4
 196,           293,              99,              0,      19110,           99,           0
 197,           294,              99,              0,      19306,           99,          11
 198,           295,              99,              0,      19503,           99,           8
 199,           296,              99,              0,      19701,           99,           0
 200,           297,              99,              0,      19900,           99,          10
 201,           298,              99,              0,      20100,           99,           0
 202,           300,             100,              0,      20301,          100,          14
 203,           301,             100,              0,      20503,          100,           0
 204,           302,             100,              0,      20706,          100,          14
 205,           303,             100,              0,      20910,          100,           7
 206,           305,             101,              0,      21115,          101,           0
 207,           306,             101,              0,      21321,          101,           8
 208,           309,             103,              0,      21528,          103,           0
 209,           310,             103,              0,      21736,          103,          15
 210,           311,             103,              0,      21945,          103,           0
 211,           312,             103,              0,      22155,          103,          15
 212,           313,             103,              0,      22366,          103,           0
 213,           314,             103,              0,      22578,          103,          15
 214,           315,             103,              0,      22791,          103,           0
 215,           316,             103,              0,      23005,          103,          15
 216,           317,             103,              0,      23220,          103,           0
 217,           318,             103,              0,      23436,          103,          16
 218,           320,             104,              0,      23653,          104,          10
 219,           321,             104,              0,      23871,          104,           8
 220,           322,             104,              0,      24090,          104,          10
 221,           323,             104,              0,      24310,          104,           4
 222,           326,             106,              0,      24531,          106,          12
 223,           327,             106,              0,      24753,          106,           0
 224,           328,             106,              0,      24976,          106,          14
 225,           330,             107,              0,      25200,          107,           0
 226,           331,             107,              0,      25425,          107,          16
 227,           332,             107,              0,      25651,          107,          14
 228,           333,             107,              0,      25878,          107,           7
 229,           334,             107,              0,      26106,          107,          11
 230,           336,             108,              0,      26335,          108,          13
 231,           339,             110,              0,      26565,          110,           7
 232,           342,             112,              0,      26796,          112,          17
 233,           343,             112,              0,      27028,          112,          10
 234,           344,             112,              0,      27261,          112,           9
 235,           345,             112,              0,      27495,          112,           4
 236,           346,             112,              0,      27730,          112,          14
 237,           347,             112,              0,      27966,          112,           0
 238,           349,             113,              0,      28203,          113,          15
 239,           350,             113,              0,      28441,          113,           6
 240,           351,             113,              0,      28680,          113,          10
 241,           353,             114,              0,      28920,          114,          15
 242,           356,             116,              0,      29161,          116,           0
 243,           357,             116,              0,      29403,          116,          15
 244,           358,             116,              0,      29646,          116,           0
 245,           359,             116,              0,      29890,          116,          15
 246,           361,             117,              0,      30135,          117,          15
 247,           363,             118,              0,      30381,          118,           0
 248,           365,             119,              0,      30628,          119,          20
 249,           366,             119,              0,      30876,          119,          10
 250,           367,             119,              0,      31125,          119,          10
 251,           369,             120,              0,      31375,          120,          10
 252,           370,             120,              0,      31626,          120,          11
 253,           371,             120,              0,      31878,          120,           0
 254,           373,             121,              0,      32131,          121,          15
 255,           375,             122,              0,      32385,          122,          15
 256,           376,             122,              0,      32640,          122,           0
 257,           377,             122,              0,      32896,          122,          15
 258,           379,             123,              0,      33153,          123,          15
 259,           380,             123,              2,      33411,          123,           0
 260,           381,             123,              0,      33670,          123,          13
 261,           382,             123,              0,      33930,          123,          15
 262,           383,             123,              0,      34191,          123,          15
 263,           384,             123,              0,      34453,          123,           0
 264,           385,             123,              0,      34716,          123,          15
 265,           386,             123,              0,      34980,          123,          15
 266,           387,             123,              0,      35245,          123,          15
 267,           388,             123,              0,      35511,          123,           8
 268,           389,             123,              0,      35778,          123,          14
 269,           390,             123,              0,      36046,          123,          18
 270,           391,             123,              0,      36315,          123,           0
 271,           393,             124,              0,      36585,          124,           0
 272,           396,             126,              0,      36856,          126,          18
 273,           398,             127,              0,      37128,          127,          16
 274,           399,             127,              0,      37401,          127,          16
 275,           400,             127,              0,      37675,          127,          15
 276,           402,             128,              0,      37950,          128,          11
 277,           405,             130,              0,      38226,          130,          15
 278,           406,             130,              0,      38503,          130,           6
 279,           407,             130,              0,      38781,          130,          16
 280,           408,             130,              0,      39060,          130,          18
 281,           410,             131,              0,      39340,          131,           6
 282,           411,             131,              0,      39621,          131,          15
 283,           413,             132,              0,      39903,          132,          15
 284,           414,             132,              0,      40186,          132,          16
 285,           415,             132,              0,      40470,          132,          15
 286,           417,             133,              0,      40755,          133,          15
 287,           419,             134,              0,      41041,          134,          13
 288,           422,             136,              0,      41328,          136,           4
 289,           426,             139,              0,      41616,          139,          10
 290,           427,             139,              0,      41905,          139,          12
 291,           428,             139,              0,      42195,          139,          20
 292,           429,             139,              0,      42486,          139,          11
 293,           430,             139,              0,      42778,          139,          19
 294,           431,             139,              0,      43071,          139,          11
 295,           432,             139,              0,      43365,          139,          20
 296,           435,             141,              0,      43660,          141,          13
 297,           436,             141,              0,      43956,          141,          16
 298,           437,             141,              0,      44253,          141,          16
 299,           438,             141,              0,      44551,          141,          17
 300,           439,             141,              0,      44850,          141,          16
 301,           440,             141,              0,      45150,          141,          20
 302,           441,             141,              0,      45451,          141,          12
 303,           443,             142,              0,      45753,          142,          18
 304,           446,             144,              0,      46056,          144,          16
 305,           450,             147,              0,      46360,          147,          16
 306,           451,             147,              0,      46665,          147,          13
 307,           452,             147,              0,      46971,          147,          21
 308,           454,             148,              0,      47278,          148,          14
 309,           455,             148,              0,      47586,          148,          16
 310,           456,             148,              0,      47895,          148,          19
 311,           457,             148,              0,      48205,          148,          16
 312,           458,             148,              0,      48516,          148,          15
 313,           460,             149,              0,      48828,          149,          13
 314,           462,             150,              0,      49141,          150,          11
 315,           463,             150,              0,      49455,          150,          16
 316,           464,             150,              0,      49770,          150,          16
 317,           465,             150,              0,      50086,          150,          33
 318,           467,             151,              0,      50403,          151,          18
 319,           470,             153,              0,      50721,          153,          19
 320,           474,             156,              0,      51040,          156,          17
 321,           475,             156,              0,      51360,          156,          15
 322,           476,             156,              0,      51681,          156,          16
 323,           477,             156,              0,      52003,          156,           8
 324,           478,             156,              0,      52326,          156,          22
 325,           480,             157,              0,      52650,          157,           9
 326,           481,             157,              0,      52975,          157,          15
 327,           482,             157,              0,      53301,          157,          15
 328,           484,             158,              0,      53628,          158,          31
 329,           485,             158,              0,      53956,          158,          17
 330,           486,             158,              0,      54285,          158,          14
 331,           488,             159,              0,      54615,          159,          15
 332,           490,             160,              0,      54946,          160,          15
 333,           494,             163,              0,      55278,          163,          15
 334,           495,             163,              0,      55611,          163,          31
 335,           496,             163,              0,      55945,          163,          15
 336,           497,             163,              0,      56280,          163,          12
 337,           498,             163,              0,      56616,          163,          15
 338,           499,             163,              0,      56953,          163,          15
 339,           500,             163,              0,      57291,          163,          31
 340,           502,             164,              0,      57630,          164,          15
 341,           504,             165,              0,      57970,          165,          16
 342,           505,             165,              0,      58311,          165,          15
 343,           506,             165,              0,      58653,          165,          31
 344,           507,             165,              0,      58996,          165,          15
 345,           510,             167,              0,      59340,          167,          15
 346,           512,             168,              0,      59685,          168,          26
 347,           517,             172,              5,      60031,          172,          16
 348,           518,             172,              0,      60378,          172,          20
 349,           519,             172,              0,      60726,          172,          20
 350,           520,             172,              0,      61075,          172,           5
 351,           522,             173,              0,      61425,          173,          16
 352,           524,             174,              0,      61776,          174,          15
 353,           525,             174,              0,      62128,          174,          15
 354,           526,             174,              0,      62481,          174,          15
 355,           527,             174,             15,      62835,          174,          15
 356,           528,             174,              0,      63190,          174,          16
 357,           530,             175,              0,      63546,          175,          15
 358,           531,             175,              0,      63903,          175,          31
 359,           532,             175,              0,      64261,          175,          15
 360,           533,             175,              0,      64620,          175,          15
 361,           535,             176,              0,      64980,          176,          31
 362,           538,             178,              0,      65341,          178,          15
 363,           539,             178,              0,      65703,          178,          15
 364,           543,             181,              0,      66066,          181,          31
 365,           544,             181,              0,      66430,          181,          15
 366,           545,             181,              0,      66795,          181,          31
 367,           546,             181,              0,      67161,          181,          15
 368,           548,             182,              0,      67528,          182,          31
 369,           550,             183,              0,      67896,          183,          15
 370,           551,             183,              0,      68265,          183,          27
 371,           552,             183,              0,      68635,          183,          25
 372,           553,             183,              0,      69006,          183,          20
 373,           555,             184,              0,      69378,          184,          21
 374,           556,             184,              0,      69751,          184,          19
 375,           557,             184,              0,      70125,          184,          27
 376,           559,             185,              0,      70500,          185,          15
 377,           562,             187,              0,      70876,          187,          31
 378,           566,             190,              0,      71253,          190,          15
 379,           568,             191,              0,      71631,          191,          22
 380,           569,             191,              0,      72010,          191,          14
 381,           570,             191,              0,      72390,          191,          31
 382,           572,             192,              0,      72771,          192,          15
 383,           573,             192,              0,      73153,          192,          31
 384,           576,             194,              0,      73536,          194,          15
 385,           577,             194,              0,      73920,          194,          31
 386,           578,             194,              0,      74305,          194,          15
 387,           579,             194,              0,      74691,          194,          31
 388,           580,             194,              0,      75078,          194,          15
 389,           582,             195,              0,      75466,          195,          31
 390,           585,             197,              0,      75855,          197,          31
 391,           586,             197,              0,      76245,          197,          27
 392,           588,             198,              0,      76636,          198,          21
 393,           589,             198,              0,      77028,          198,          30
 394,           590,             198,              0,      77421,          198,          15
 395,           592,             199,              0,      77815,          199,          31
 396,           593,             199,              0,      78210,          199,          31
 397,           594,             199,              0,      78606,          199,          15
 398,           595,             199,              0,      79003,          199,          24
 399,           597,             200,              0,      79401,          200,          24
 400,           598,             200,              0,      79800,          200,          29
 401,           599,             200,              0,      80200,          200,          15
 402,           601,             201,              0,      80601,          201,          31
 403,           603,             202,              0,      81003,          202,          31
 404,           607,             205,              0,      81406,          205,          15
 405,           608,             205,              0,      81810,          205,          31
 406,           609,             205,              0,      82215,          205,          31
 407,           610,             205,              0,      82621,          205,          15
 408,           611,             205,              0,      83028,          205,          31
 409,           612,             205,              0,      83436,          205,          31
 410,           613,             205,              0,      83845,          205,          32
 411,           616,             207,              0,      84255,          207,          26
 412,           620,             210,              0,      84666,          210,          30
 413,           621,             210,              0,      85078,          210,          21
 414,           622,             210,              0,      85491,          210,          31
 415,           623,             210,              0,      85905,          210,          31
 416,           624,             210,              0,      86320,          210,          31
 417,           625,             210,              0,      86736,          210,          31
 418,           626,             210,              0,      87153,          210,          15
 419,           628,             211,              0,      87571,          211,          32
 420,           629,             211,              0,      87990,          211,          30
 421,           630,             211,              0,      88410,          211,          31
 422,           631,             211,              0,      88831,          211,          31
 423,           633,             212,              0,      89253,          212,          15
 424,           634,             212,              0,      89676,          212,          31
 425,           635,             212,              0,      90100,          212,          31
 426,           636,             212,              0,      90525,          212,          31
 427,           637,             212,              0,      90951,          212,          31
 428,           639,             213,              0,      91378,          213,          31
 429,           640,             213,              0,      91806,          213,          30
 430,           641,             213,              0,      92235,          213,          31
 431,           642,             213,              0,      92665,          213,          31
 432,           643,             213,              0,      93096,          213,          31
 433,           645,             214,              0,      93528,          214,          15
 434,           646,             214,              0,      93961,          214,          31
 435,           647,             214,              0,      94395,          214,          31
 436,           648,             214,              0,      94830,          214,          31
 437,           649,             214,              0,      95266,          214,          31
 438,           650,             214,              0,      95703,          214,          31
 439,           651,             214,              0,      96141,          214,          31
 440,           652,             214,              0,      96580,          214,          32
 441,           655,             216,              0,      97020,          216,          30
 442,           656,             216,              0,      97461,          216,          31
 443,           657,             216,              0,      97903,          216,          39
 444,           658,             216,              0,      98346,          216,          30
 445,           659,             216,              0,      98790,          216,          32
 446,           660,             216,              0,      99235,          216,          24
 447,           661,             216,             12,      99681,          216,          19
 448,           662,             216,              0,     100128,          216,          31
 449,           663,             216,              0,     100576,          216,          31
 450,           665,             217,              0,     101025,          217,          31
 451,           668,             219,              0,     101475,          219,          31
 452,           669,             219,              0,     101926,          219,          31
 453,           670,             219,              0,     102378,          219,          31
 454,           671,             219,              0,     102831,          219,          31
 455,           673,             220,              0,     103285,          220,          31
 456,           674,             220,              0,     103740,          220,          31
 457,           675,             220,              0,     104196,          220,          31
 458,           676,             220,              0,     104653,          220,          46
 459,           678,             221,              0,     105111,          221,          36
 460,           680,             222,              0,     105570,          222,          31
 461,           683,             224,              0,     106030,          224,          36
 462,           684,             224,              0,     106491,          224,          21
 463,           685,             224,              0,     106953,          224,          46
 464,           686,             224,              0,     107416,          224,          32
 465,           687,             224,              0,     107880,          224,          33
 466,           688,             224,              0,     108345,          224,          29
 467,           689,             224,              0,     108811,          224,          37
 468,           690,             224,              0,     109278,          224,          40
 469,           691,             224,              0,     109746,          224,          31
 470,           692,             224,              0,     110215,          224,          31
 471,           694,             225,              0,     110685,          225,          31
 472,           696,             226,              0,     111156,          226,          31
 473,           697,             226,              0,     111628,          226,          32
 474,           698,             226,              0,     112101,          226,          41
 475,           699,             226,              0,     112575,          226,          36
 476,           702,             228,              0,     113050,          228,          31
 477,           703,             228,              0,     113526,          228,          31
 478,           704,             228,              0,     114003,          228,          47
 479,           706,             229,              0,     114481,          229,          31
 480,           708,             230,              0,     114960,          230,          31
 481,           712,             233,              0,     115440,          233,          31
 482,           713,             233,              0,     115921,          233,          31
 483,           714,             233,              0,     116403,          233,          46
 484,           716,             234,              0,     116886,          234,          31
 485,           718,             235,              0,     117370,          235,          46
 486,           719,             235,              0,     117855,          235,          32
 487,           720,             235,              0,     118341,          235,          38
 488,           722,             236,              0,     118828,          236,          40
 489,           723,             236,              0,     119316,          236,          31
 490,           724,             236,              0,     119805,          236,          46
 491,           726,             237,              0,     120295,          237,          31
 492,           727,             237,              0,     120786,          237,          49
 493,           729,             238,              0,     121278,          238,          29
 494,           730,             238,              0,     121771,          238,          47
 495,           731,             238,              0,     122265,          238,          31
 496,           732,             238,              0,     122760,          238,          46
 497,           733,             238,              0,     123256,          238,          33
 498,           734,             238,              0,     123753,          238,          45
 499,           736,             239,              0,     124251,          239,          31
 500,           739,             241,              0,     124750,          241,          48
 501,           742,             243,              0,     125250,          243,          40
 502,           743,             243,              0,     125751,          243,          37
 503,           744,             243,              0,     126253,          243,          46
 504,           745,             243,              0,     126756,          243,          31
 505,           746,             243,             15,     127260,          243,          31
 506,           748,             244,              0,     127765,          244,          47
 507,           751,             246,              0,     128271,          246,          31
 508,           752,             246,              0,     128778,          246,          46
 509,           753,             246,              0,     129286,          246,          47
 510,           754,             246,              0,     129795,          246,          31
 511,           755,             246,              0,     130305,          246,          47
 512,           756,             246,              0,     130816,          246,          48
 513,           758,             247,              0,     131328,          247,          45
 514,           760,             248,              0,     131841,          248,          31
 515,           764,             251,              0,     132355,          251,          46
 516,           765,             251,              0,     132870,          251,          47
 517,           766,             251,              0,     133386,          251,          47
 518,           767,             251,              0,     133903,          251,          31
 519,           770,             253,              0,     134421,          253,          46
 520,           771,             253,              0,     134940,          253,          49
 521,           772,             253,              0,     135460,          253,          44
 522,           773,             253,              0,     135981,          253,          31
 523,           775,             254,              0,     136503,          254,          43
 524,           778,             256,              0,     137026,          256,          41
 525,           782,             259,              0,     137550,          259,          40
 526,           783,             259,              0,     138075,          259,          46
 527,           784,             259,              0,     138601,          259,          47
 528,           785,             259,              0,     139128,          259,          46
 529,           786,             259,              0,     139656,          259,          47
 530,           788,             260,              0,     140185,          260,          46
 531,           789,             260,              0,     140715,          260,          31
 532,           790,             260,              0,     141246,          260,          47
 533,           791,             260,              0,     141778,          260,          46
 534,           792,             260,              0,     142311,          260,          48
 535,           793,             260,             10,     142845,          260,          45
 536,           795,             261,              0,     143380,          261,          38
 537,           798,             263,              0,     143916,          263,          46
 538,           799,             263,              0,     144453,          263,          47
 539,           800,             263,              0,     144991,          263,          47
 540,           801,             263,              0,     145530,          263,          47
 541,           802,             263,              0,     146070,          263,          46
 542,           803,             263,              0,     146611,          263,          47
 543,           804,             263,              0,     147153,          263,          46
 544,           805,             263,              0,     147696,          263,          50
 545,           806,             263,              0,     148240,          263,          59
 546,           807,             263,              0,     148785,          263,          47
 547,           809,             264,              0,     149331,          264,          46
 548,           812,             266,              0,     149878,          266,          46
 549,           816,             269,              0,     150426,          269,          46
 550,           821,             273,              0,     150975,          273,          63
 551,           822,             273,              0,     151525,          273,          46
 552,           823,             273,              0,     152076,          273,          47
 553,           824,             273,              0,     152628,          273,          46
 554,           825,             273,              0,     153181,          273,          49
 555,           827,             274,             13,     153735,          274,          48
 556,           828,             274,              0,     154290,          274,          45
 557,           829,             274,              0,     154846,          274,          46
 558,           833,             277,              0,     155403,          277,          47
 559,           834,             277,              0,     155961,          277,          62
 560,           835,             277,              0,     156520,          277,          47
 561,           836,             277,              0,     157080,          277,          46
 562,           837,             277,              0,     157641,          277,          47
 563,           838,             277,              0,     158203,          277,          46
 564,           839,             277,              0,     158766,          277,          47
 565,           840,             277,              0,     159330,          277,          59
 566,           841,             277,              0,     159895,          277,          51
 567,           842,             277,              0,     160461,          277,          46
 568,           843,             277,              0,     161028,          277,          47
 569,           845,             278,              0,     161596,          278,          62
 570,           846,             278,              0,     162165,          278,          47
 571,           847,             278,              0,     162735,          278,          62
 572,           848,             278,              0,     163306,          278,          47
 573,           849,             278,             15,     163878,          278,          47
 574,           850,             278,              0,     164451,          278,          67
 575,           851,             278,              0,     165025,          278,          59
 576,           853,             279,              0,     165600,          279,          46
 577,           855,             280,              0,     166176,          280,          62
 578,           858,             282,              0,     166753,          282,          63
 579,           859,             282,              0,     167331,          282,          62
 580,           860,             282,              0,     167910,          282,          47
 581,           861,             282,              0,     168490,          282,          62
 582,           863,             283,              0,     169071,          283,          47
 583,           864,             283,              0,     169653,          283,          63
 584,           865,             283,              5,     170236,          283,          42
 585,           866,             283,              0,     170820,          283,          67
 586,           869,             285,              0,     171405,          285,          41
 587,           870,             285,              0,     171991,          285,          47
 588,           871,             285,              0,     172578,          285,          62
 589,           872,             285,              0,     173166,          285,          47
 590,           875,             287,              0,     173755,          287,          62
 591,           876,             287,              0,     174345,          287,          62
 592,           877,             287,              0,     174936,          287,          56
 593,           878,             287,              0,     175528,          287,          54
 594,           880,             288,              0,     176121,          288,          50
 595,           882,             289,              0,     176715,          289,          61
 596,           883,             289,              0,     177310,          289,          60
 597,           884,             289,              0,     177906,          289,          62
 598,           885,             289,              0,     178503,          289,          46
 599,           886,             289,              0,     179101,          289,          68
 600,           887,             289,              0,     179700,          289,          58
 601,           888,             289,              0,     180300,          289,          78
 602,           890,             290,              0,     180901,          290,          63
 603,           892,             291,              0,     181503,          291,          61
 604,           896,             294,              0,     182106,          294,          62
 605,           897,             294,              0,     182710,          294,          62
 606,           898,             294,              0,     183315,          294,          47
 607,           899,             294,             15,     183921,          294,          50
 608,           900,             294,              0,     184528,          294,          60
 609,           902,             295,              0,     185136,          295,          62
 610,           903,             295,              0,     185745,          295,          62
 611,           904,             295,              0,     186355,          295,          62
 612,           906,             296,              0,     186966,          296,          62
 613,           907,             296,              0,     187578,          296,          62
 614,           908,             296,              0,     188191,          296,          62
 615,           909,             296,              0,     188805,          296,          64
 616,           910,             296,              0,     189420,          296,          77
 617,           912,             297,              0,     190036,          297,          62
 618,           913,             297,              0,     190653,          297,          78
 619,           914,             297,              0,     191271,          297,          62
 620,           915,             297,              0,     191890,          297,          62
 621,           917,             298,              0,     192510,          298,          63
 622,           918,             298,              0,     193131,          298,          62
 623,           919,             298,              0,     193753,          298,          62
 624,           921,             299,              0,     194376,          299,          68
 625,           922,             299,              0,     195000,          299,          57
 626,           925,             301,              0,     195625,          301,          62
 627,           929,             304,              0,     196251,          304,          62
 628,           930,             304,              0,     196878,          304,          62
 629,           931,             304,              0,     197506,          304,          62
 630,           933,             305,              0,     198135,          305,          62
 631,           934,             305,              0,     198765,          305,          62
 632,           936,             306,              0,     199396,          306,          71
 633,           937,             306,              1,     200028,          306,          53
 634,           938,             306,              0,     200661,          306,          64
 635,           940,             307,              0,     201295,          307,          76
 636,           941,             307,              0,     201930,          307,          62
 637,           945,             310,              0,     202566,          310,          62
 638,           948,             312,              0,     203203,          312,          78
 639,           949,             312,              0,     203841,          312,          62
 640,           950,             312,              0,     204480,          312,          63
 641,           951,             312,              0,     205120,          312,          62
 642,           953,             313,              0,     205761,          313,          78
 643,           954,             313,              0,     206403,          313,          51
 644,           955,             313,              0,     207046,          313,          62
 645,           956,             313,              0,     207690,          313,          70
 646,           958,             314,              0,     208335,          314,          73
 647,           959,             314,              0,     208981,          314,          63
 648,           962,             316,              0,     209628,          316,          76
 649,           967,             320,              0,     210276,          320,          62
 650,           968,             320,              0,     210925,          320,          62
 651,           969,             320,             15,     211575,          320,          62
 652,           971,             321,              0,     212226,          321,          83
 653,           972,             321,              0,     212878,          321,          66
 654,           973,             321,              0,     213531,          321,          72
 655,           975,             322,              0,     214185,          322,          62
 656,           976,             322,              0,     214840,          322,          80
 657,           977,             322,              0,     215496,          322,          76
 658,           979,             323,              0,     216153,          323,          62
 659,           980,             323,              0,     216811,          323,          79
 660,           984,             326,              0,     217470,          326,          68
 661,           986,             327,              0,     218130,          327,          72
 662,           987,             327,              0,     218791,          327,          78
 663,           988,             327,              0,     219453,          327,          62
 664,           989,             327,              0,     220116,          327,          78
 665,           990,             327,              0,     220780,          327,          78
 666,           991,             327,              0,     221445,          327,          78
 667,           992,             327,              0,     222111,          327,          78
 668,           994,             328,              5,     222778,          328,          74
 669,           995,             328,              0,     223446,          328,          62
 670,           996,             328,             15,     224115,          328,          62
 671,           997,             328,              0,     224785,          328,          84
 672,           999,             329,              0,     225456,          329,          71
 673,          1003,             332,              0,     226128,          332,          78
 674,          1004,             332,              0,     226801,          332,          78
 675,          1005,             332,              0,     227475,          332,          78
 676,          1006,             332,              0,     228150,          332,          78
 677,          1007,             332,              0,     228826,          332,          78
 678,          1008,             332,              0,     229503,          332,          78
 679,          1009,             332,              0,     230181,          332,          78
 680,          1011,             333,              0,     230860,          333,          79
 681,          1012,             333,              0,     231540,          333,          78
 682,          1013,             333,              0,     232221,          333,          78
 683,          1014,             333,              0,     232903,          333,          78
 684,          1015,             333,              0,     233586,          333,          78
 685,          1016,             333,              0,     234270,          333,          78
 686,          1018,             334,              0,     234955,          334,          78
 687,          1021,             336,              0,     235641,          336,          79
 688,          1023,             337,              1,     236328,          337,          77
 689,          1025,             338,              0,     237016,          338,          78
 690,          1026,             338,              0,     237705,          338,          78
 691,          1027,             338,              0,     238395,          338,          78
 692,          1028,             338,              0,     239086,          338,          78
 693,          1030,             339,              0,     239778,          339,          81
 694,          1031,             339,              0,     240471,          339,          76
 695,          1035,             342,              0,     241165,          342,          77
 696,          1036,             342,              0,     241860,          342,          78
 697,          1037,             342,              0,     242556,          342,          94
 698,          1038,             342,              0,     243253,          342,          78
 699,          1040,             343,              0,     243951,          343,          79
 700,          1043,             345,              7,     244650,          345,          70
 701,          1044,             345,              0,     245350,          345,          94
 702,          1049,             349,              0,     246051,          349,          78
 703,          1050,             349,              0,     246753,          349,          78
 704,          1051,             349,              0,     247456,          349,          94
 705,          1052,             349,              0,     248160,          349,          86
 706,          1055,             351,              0,     248865,          351,          81
 707,          1056,             351,              0,     249571,          351,          82
 708,          1058,             352,              0,     250278,          352,          78
 709,          1059,             352,              0,     250986,          352,          78
 710,          1060,             352,              0,     251695,          352,          78
 711,          1061,             352,              0,     252405,          352,          86
 712,          1062,             352,              0,     253116,          352,          87
 713,          1063,             352,              0,     253828,          352,          78
 714,          1065,             353,              0,     254541,          353,          94
 715,          1068,             355,              0,     255255,          355,          78
 716,          1069,             355,              0,     255970,          355,          94
 717,          1070,             355,              0,     256686,          355,          92
 718,          1071,             355,              0,     257403,          355,          82
 719,          1072,             355,              0,     258121,          355,          94
 720,          1073,             355,              0,     258840,          355,          94
 721,          1074,             355,              0,     259560,          355,          94
 722,          1075,             355,              0,     260281,          355,         101
 723,          1077,             356,              0,           ,             ,            
 724,          1078,             356,              0,           ,             ,            
 725,          1079,             356,              0,           ,             ,            
 726,          1080,             356,              0,           ,             ,            
 727,          1081,             356,              0,           ,             ,            
 728,          1082,             356,              0,           ,             ,            
 729,          1083,             356,              0,           ,             ,            
 730,          1084,             356,              0,           ,             ,            
 731,          1085,             356,              0,           ,             ,            
 732,          1086,             356,              0,           ,             ,            
 733,          1087,             356,              0,           ,             ,            
 734,          1089,             357,              0,           ,             ,            
 735,          1090,             357,              2,           ,             ,            
 736,          1091,             357,              0,           ,             ,            
 737,          1092,             357,              0,           ,             ,            
 738,          1094,             358,              0,           ,             ,            
 739,          1097,             360,              0,           ,             ,            
 740,          1102,             364,              0,           ,             ,            
 741,          1103,             364,              0,           ,             ,            
 742,          1104,             364,              0,           ,             ,            
 743,          1105,             364,              0,           ,             ,            
 744,          1106,             364,              0,           ,             ,            
 745,          1109,             366,              0,           ,             ,            
 746,          1113,             369,              0,           ,             ,            
 747,          1116,             371,             10,           ,             ,            
 748,          1117,             371,              0,           ,             ,            
 749,          1118,             371,              0,           ,             ,            
 750,          1119,             371,              0,           ,             ,            
 751,          1121,             372,              3,           ,             ,            
 752,          1122,             372,              0,           ,             ,            
 753,          1123,             372,              0,           ,             ,            
 754,          1125,             373,              0,           ,             ,            
 755,          1127,             374,              0,           ,             ,            
 756,          1130,             376,              0,           ,             ,            
 757,          1131,             376,              0,           ,             ,            
 758,          1132,             376,              7,           ,             ,            
 759,          1133,             376,              1,           ,             ,            
 760,          1135,             377,              0,           ,             ,            
 761,          1136,             377,              0,           ,             ,            
 762,          1140,             380,              0,           ,             ,            
 763,          1142,             381,              0,           ,             ,            
 764,          1143,             381,              0,           ,             ,            
 765,          1144,             381,              0,           ,             ,            
 766,          1145,             381,              0,           ,             ,            
 767,          1146,             381,              0,           ,             ,            
 768,          1149,             383,              0,           ,             ,            
 769,          1151,             384,              0,           ,             ,            
 770,          1152,             384,              2,           ,             ,            
 771,          1153,             384,              0,           ,             ,            
 772,          1154,             384,              0,           ,             ,            
 773,          1156,             385,              0,           ,             ,            
 774,          1159,             387,              0,           ,             ,            
 775,          1160,             387,              0,           ,             ,            
 776,          1161,             387,              0,           ,             ,            
 777,          1162,             387,              0,           ,             ,            
 778,          1163,             387,              0,           ,             ,            
 779,          1164,             387,              0,           ,             ,            
 780,          1165,             387,              0,           ,             ,            
 781,          1166,             387,              0,           ,             ,            
 782,          1167,             387,              0,           ,             ,            
 783,          1168,             387,              0,           ,             ,            
 784,          1169,             387,              0,           ,             ,            
 785,          1170,             387,             13,           ,             ,            
 786,          1171,             387,              0,           ,             ,            
 787,          1172,             387,              0,           ,             ,            
 788,          1173,             387,              0,           ,             ,            
 789,          1175,             388,              0,           ,             ,            
 790,          1176,             388,              0,           ,             ,            
 791,          1178,             389,              0,           ,             ,            
 792,          1179,             389,              0,           ,             ,            
 793,          1180,             389,              0,           ,             ,            
 794,          1181,             389,              0,           ,             ,            
 795,          1182,             389,              0,           ,             ,            
 796,          1183,             389,              0,           ,             ,            
 797,          1184,             389,              0,           ,             ,            
 798,          1185,             389,              0,           ,             ,            
 799,          1186,             389,              0,           ,             ,            
 800,          1188,             390,              0,           ,             ,            
 801,          1189,             390,              0,           ,             ,            
 802,          1190,             390,             15,           ,             ,            
 803,          1191,             390,              0,           ,             ,            
 804,          1192,             390,              0,           ,             ,            
 805,          1193,             390,              0,           ,             ,            
 806,          1194,             390,              3,           ,             ,            
 807,          1195,             390,              0,           ,             ,            
 808,          1196,             390,              0,           ,             ,            
 809,          1197,             390,              0,           ,             ,            
 810,          1198,             390,              0,           ,             ,            
 811,          1200,             391,              0,           ,             ,            
 812,          1202,             392,              0,           ,             ,            
 813,          1203,             392,              0,           ,             ,            
 814,          1204,             392,              0,           ,             ,            
 815,          1206,             393,              0,           ,             ,            
 816,          1208,             394,              0,           ,             ,            
 817,          1210,             395,              0,           ,             ,            
 818,          1215,             399,              0,           ,             ,            
 819,          1216,             399,             12,           ,             ,            
 820,          1217,             399,              0,           ,             ,            
 821,          1218,             399,              0,           ,             ,            
 822,          1219,             399,              0,           ,             ,            
 823,          1220,             399,              0,           ,             ,            
 824,          1221,             399,              0,           ,             ,            
 825,          1222,             399,              0,           ,             ,            
 826,          1223,             399,              0,           ,             ,            
 827,          1225,             400,              0,           ,             ,            
 828,          1228,             402,              0,           ,             ,            
 829,          1230,             403,              0,           ,             ,            
 830,          1231,             403,              0,           ,             ,            
 831,          1232,             403,              0,           ,             ,            
 832,          1233,             403,              0,           ,             ,            
 833,          1234,             403,              0,           ,             ,            
 834,          1235,             403,              0,           ,             ,            
 835,          1236,             403,              0,           ,             ,            
 836,          1240,             406,             15,           ,             ,            
 837,          1241,             406,              0,           ,             ,            
 838,          1242,             406,              0,           ,             ,            
 839,          1243,             406,              0,           ,             ,            
 840,          1244,             406,              0,           ,             ,            
 841,          1245,             406,              0,           ,             ,            
 842,          1246,             406,              0,           ,             ,            
 843,          1247,             406,              0,           ,             ,            
 844,          1248,             406,              0,           ,             ,            
 845,          1249,             406,              0,           ,             ,            
 846,          1250,             406,              0,           ,             ,            
 847,          1251,             406,              0,           ,             ,            
 848,          1252,             406,              0,           ,             ,            
 849,          1253,             406,              0,           ,             ,            
 850,          1255,             407,              0,           ,             ,            
 851,          1256,             407,              0,           ,             ,            
 852,          1257,             407,             15,           ,             ,            
 853,          1259,             408,              0,           ,             ,            
 854,          1260,             408,              0,           ,             ,            
 855,          1261,             408,              0,           ,             ,            
 856,          1262,             408,              0,           ,             ,            
 857,          1264,             409,              0,           ,             ,            
 858,          1266,             410,              0,           ,             ,            
 859,          1268,             411,              0,           ,             ,            
 860,          1270,             412,              0,           ,             ,            
 861,          1271,             412,              0,           ,             ,            
 862,          1272,             412,              0,           ,             ,            
 863,          1273,             412,              0,           ,             ,            
 864,          1274,             412,              0,           ,             ,            
 865,          1276,             413,              0,           ,             ,            
 866,          1278,             414,              0,           ,             ,            
 867,          1282,             417,              0,           ,             ,            
 868,          1283,             417,             15,           ,             ,            
 869,          1284,             417,              0,           ,             ,            
 870,          1285,             417,              0,           ,             ,            
 871,          1286,             417,              0,           ,             ,            
 872,          1288,             418,              0,           ,             ,            
 873,          1289,             418,              0,           ,             ,            
 874,          1290,             418,              0,           ,             ,            
 875,          1291,             418,              0,           ,             ,            
 876,          1292,             418,              0,           ,             ,            
 877,          1294,             419,              0,           ,             ,            
 878,          1296,             420,              0,           ,             ,            
 879,          1297,             420,              0,           ,             ,            
 880,          1298,             420,              0,           ,             ,            
 881,          1300,             421,              0,           ,             ,            
 882,          1301,             421,              0,           ,             ,            
 883,          1302,             421,             15,           ,             ,            
 884,          1303,             421,              0,           ,             ,            
 885,          1305,             422,              0,           ,             ,            
 886,          1306,             422,              0,           ,             ,            
 887,          1307,             422,              0,           ,             ,            
 888,          1308,             422,              0,           ,             ,            
 889,          1309,             422,              0,           ,             ,            
 890,          1310,             422,              0,           ,             ,            
 891,          1311,             422,              0,           ,             ,            
 892,          1312,             422,              0,           ,             ,            
 893,          1313,             422,              0,           ,             ,            
 894,          1315,             423,              0,           ,             ,            
 895,          1317,             424,              0,           ,             ,            
 896,          1320,             426,              0,           ,             ,            
 897,          1321,             426,              0,           ,             ,            
 898,          1322,             426,              0,           ,             ,            
 899,          1324,             427,             15,           ,             ,            
 900,          1325,             427,              0,           ,             ,            
 901,          1326,             427,              0,           ,             ,            
 902,          1327,             427,              0,           ,             ,            
 903,          1329,             428,              0,           ,             ,            
 904,          1330,             428,              0,           ,             ,            
 905,          1331,             428,              0,           ,             ,            
 906,          1332,             428,              0,           ,             ,            
 907,          1333,             428,              0,           ,             ,            
 908,          1334,             428,              9,           ,             ,            
 909,          1337,             430,              0,           ,             ,            
 910,          1341,             433,              0,           ,             ,            
 911,          1342,             433,              0,           ,             ,            
 912,          1343,             433,              0,           ,             ,            
 913,          1345,             434,              0,           ,             ,            
 914,          1346,             434,              0,           ,             ,            
 915,          1347,             434,              0,           ,             ,            
 916,          1348,             434,              0,           ,             ,            
 917,          1349,             434,              0,           ,             ,            
 918,          1350,             434,              0,           ,             ,            
 919,          1352,             435,              0,           ,             ,            
 920,          1353,             435,              0,           ,             ,            
 921,          1354,             435,              0,           ,             ,            
 922,          1356,             436,              0,           ,             ,            
 923,          1357,             436,              0,           ,             ,            
 924,          1358,             436,              0,           ,             ,            
 925,          1359,             436,              0,           ,             ,            
 926,          1361,             437,              0,           ,             ,            
 927,          1362,             437,              0,           ,             ,            
 928,          1363,             437,              0,           ,             ,            
 929,          1364,             437,             15,           ,             ,            
 930,          1367,             439,              0,           ,             ,            
 931,          1371,             442,              0,           ,             ,            
 932,          1372,             442,              0,           ,             ,            
 933,          1373,             442,              0,           ,             ,            
 934,          1375,             443,              0,           ,             ,            
 935,          1376,             443,              0,           ,             ,            
 936,          1377,             443,              0,           ,             ,            
 937,          1378,             443,              0,           ,             ,            
 938,          1379,             443,              0,           ,             ,            
 939,          1380,             443,              0,           ,             ,            
 940,          1382,             444,              0,           ,             ,            
 941,          1385,             446,              0,           ,             ,            
 942,          1388,             448,              0,           ,             ,            
 943,          1389,             448,              0,           ,             ,            
 944,          1390,             448,             15,           ,             ,            
 945,          1392,             449,              0,           ,             ,            
 946,          1393,             449,              0,           ,             ,            
 947,          1394,             449,              0,           ,             ,            
 948,          1396,             450,              0,           ,             ,            
 949,          1398,             451,              0,           ,             ,            
 950,          1399,             451,              0,           ,             ,            
 951,          1400,             451,              0,           ,             ,            
 952,          1401,             451,              0,           ,             ,            
 953,          1402,             451,              0,           ,             ,            
 954,          1403,             451,              0,           ,             ,            
 955,          1404,             451,              0,           ,             ,            
 956,          1406,             452,              0,           ,             ,            
 957,          1407,             452,              0,           ,             ,            
 958,          1409,             453,              0,           ,             ,            
 959,          1410,             453,              0,           ,             ,            
 960,          1411,             453,              0,           ,             ,            
 961,          1412,             453,              0,           ,             ,            
 962,          1413,             453,              0,           ,             ,            
 963,          1414,             453,              0,           ,             ,            
 964,          1415,             453,              0,           ,             ,            
 965,          1416,             453,              0,           ,             ,            
 966,          1417,             453,              0,           ,             ,            
 967,          1418,             453,              0,           ,             ,            
 968,          1420,             454,              0,           ,             ,            
 969,          1422,             455,              0,           ,             ,            
 970,          1424,             456,              0,           ,             ,            
 971,          1425,             456,              0,           ,             ,            
 972,          1426,             456,              0,           ,             ,            
 973,          1428,             457,             15,           ,             ,            
 974,          1429,             457,              0,           ,             ,            
 975,          1431,             458,              0,           ,             ,            
 976,          1432,             458,              0,           ,             ,            
 977,          1433,             458,              0,           ,             ,            
 978,          1434,             458,              0,           ,             ,            
 979,          1436,             459,              0,           ,             ,            
 980,          1437,             459,              0,           ,             ,            
 981,          1441,             462,              0,           ,             ,            
 982,          1442,             462,              0,           ,             ,            
 983,          1443,             462,              0,           ,             ,            
 984,          1444,             462,              0,           ,             ,            
 985,          1446,             463,              0,           ,             ,            
 986,          1447,             463,              0,           ,             ,            
 987,          1448,             463,              0,           ,             ,            
 988,          1449,             463,              0,           ,             ,            
 989,          1450,             463,              0,           ,             ,            
 990,          1451,             463,              0,           ,             ,            
 991,          1452,             463,              0,           ,             ,            
 992,          1453,             463,              0,           ,             ,            
 993,          1455,             464,              0,           ,             ,            
 994,          1456,             464,              0,           ,             ,            
 995,          1457,             464,              0,           ,             ,            
 996,          1458,             464,              0,           ,             ,            
 997,          1459,             464,              0,           ,             ,            
 998,          1460,             464,              0,           ,             ,            
 999,          1463,             466,              0,           ,             ,            
1000,          1465,             467,              0,           ,             ,            
