   n, heap_cmp, heap_swaps, heap_time, merge_cmp, merge_swaps, merge_time
   0,        0,          0,         0,         0,           0,          0
   1,        0,          0,         0,         0,           0,          0
   2,        1,          2,         0,         1,           0,          0
   3,        3,          4,         0,         3,           0,          0
   4,        7,          8,         0,         5,           0,          0
   5,       12,         10,         0,         6,           0,          0
   6,       16,         12,         0,         8,           0,          0
   7,       21,         15,         0,        10,           0,          0
   8,       27,         21,         0,        13,           0,          0
   9,       35,         25,         0,        14,           0,          0
  10,       41,         29,         0,        16,           0,          0
  11,       49,         33,         0,        18,           0,          0
  12,       55,         38,         0,        21,           0,          0
  13,       63,         42,         0,        24,           0,          0
  14,       69,         47,         0,        26,           0,          0
  15,       76,         51,         0,        30,           0,          0
  16,       83,         57,         0,        33,           0,          0
  17,       94,         62,         0,        34,           0,          0
  18,      102,         68,         0,        38,           0,          0
  19,      112,         74,         0,        40,           0,          0
  20,      120,         81,         0,        41,           0,          0
  21,      130,         86,         0,        45,           0,          0
  22,      138,         90,         0,        50,           0,          0
  23,      148,         96,         0,        51,           0,          0
  24,      156,        101,         0,        55,           0,          0
  25,      166,        107,         0,        57,           0,          0
  26,      174,        112,         0,        62,           0,          0
  27,      184,        117,         0,        65,           0,          0
  28,      192,        123,         0,        67,           0,          0
  29,      202,        129,         0,        73,           0,          0
  30,      210,        136,         0,        77,           0,          0
  31,      220,        141,         0,        81,           0,          0
  32,      230,        147,         0,        85,           0,          0
  33,      243,        153,         0,        86,           0,          0
  34,      254,        163,         0,        89,           0,          0
  35,      266,        166,         0,        90,           0,          0
  36,      278,        176,        15,        95,           0,          0
  37,      290,        180,         0,        98,           0,          0
  38,      298,        186,         0,       101,           0,          0
  39,      311,        194,         0,       105,           0,          0
  40,      321,        197,         0,       107,           0,          0
  41,      333,        205,         0,       110,           0,          0
  42,      342,        213,         0,       112,           0,          0
  43,      354,        221,         0,       116,           0,          0
  44,      364,        227,         0,       121,           0,          0
  45,      376,        233,         0,       125,           0,          0
  46,      389,        241,         0,       125,           0,          0
  47,      399,        246,         0,       131,           0,          0
  48,      410,        254,         0,       137,           0,          0
  49,      424,        259,         0,       139,           0,          0
  50,      434,        269,         0,       142,           0,         15
  51,      446,        272,         1,       145,           0,          0
  52,      459,        279,         0,       152,           0,          2
  53,      470,        286,         0,       156,           0,          0
  54,      480,        292,         0,       160,           0,          0
  55,      490,        299,         0,       165,           0,          0
  56,      503,        307,         0,       163,           0,          0
  57,      517,        311,         0,       165,           0,          0
  58,      524,        319,         0,       179,           0,          0
  59,      535,        326,         0,       180,           0,         11
  60,      547,        333,         0,       184,           0,          0
  61,      560,        338,         0,       187,           0,          0
  62,      570,        345,         0,       194,           0,          0
  63,      582,        351,         0,       198,           0,          0
  64,      592,        354,         0,       202,           0,          0
  65,      606,        362,         0,       204,           0,          0
  66,      621,        376,         0,       205,           0,          0
  67,      635,        382,         0,       209,           0,          0
  68,      649,        391,         0,       214,           0,         15
  69,      664,        397,         0,       216,           0,          0
  70,      676,        406,         0,       219,           0,          0
  71,      690,        412,         0,       220,           0,          0
  72,      703,        422,         0,       230,           0,          0
  73,      717,        426,         0,       230,           0,          0
  74,      732,        436,         0,       237,           0,          0
  75,      743,        444,         0,       240,           0,          0
  76,      758,        452,         0,       239,           0,          0
  77,      771,        458,        15,       245,           0,          0
  78,      784,        467,         0,       250,           0,          2
  79,      800,        475,         0,       254,           0,          0
  80,      814,        483,         0,       262,           0,          0
  81,      826,        487,         0,       262,           0,          0
  82,      838,        493,         0,       263,           0,          0
  83,      856,        506,         8,       271,           0,          0
  84,      867,        510,         0,       270,           0,          0
  85,      881,        516,         5,       274,           0,          0
  86,      894,        525,         0,       280,           0,          0
  87,      908,        533,         0,       285,           0,          0
  88,      920,        541,         0,       291,           0,          0
  89,      932,        545,         0,       294,           0,          0
  90,      947,        557,         0,       302,           0,          0
  91,      963,        564,         0,       304,           0,          0
  92,      975,        574,         0,       307,           0,          0
  93,      990,        579,        15,       310,           0,          0
  94,     1003,        589,         0,       314,           0,          0
  95,     1019,        599,         0,       320,           0,          0
  96,     1029,        600,         0,       326,           0,          0
  97,     1039,        608,         0,       329,           0,          0
  98,     1053,        615,         0,       333,           0,          0
  99,     1073,        630,         0,       340,           0,          0
 100,     1084,        635,         0,       343,           0,          0
 101,     1101,        639,         0,       346,           0,          0
 102,     1116,        653,         0,       349,           0,          0
 103,     1127,        658,         0,       354,           0,          0
 104,     1141,        671,         0,       357,           0,          0
 105,     1155,        674,         0,       359,           0,          0
 106,     1166,        685,         0,       364,           0,          0
 107,     1182,        692,         0,       366,           0,          0
 108,     1194,        700,        13,       380,           0,          0
 109,     1208,        707,         0,       381,           0,          0
 110,     1220,        715,         2,       388,           0,          0
 111,     1234,        723,         0,       391,           0,          0
 112,     1247,        732,         0,       389,           0,          0
 113,     1263,        735,         0,       391,           0,          0
 114,     1275,        743,         0,       397,           0,          0
 115,     1288,        754,         0,       400,           0,          0
 116,     1303,        758,         0,       421,           0,          0
 117,     1316,        768,         0,       420,           0,          0
 118,     1328,        774,         0,       422,           0,          0
 119,     1342,        786,         0,       425,           0,          0
 120,     1354,        789,         0,       437,           0,          0
 121,     1369,        800,        15,       438,           0,          0
 122,     1384,        805,         0,       442,           0,          0
 123,     1396,        811,         0,       447,           0,          0
 124,     1406,        820,         0,       455,           0,          0
 125,     1420,        828,         0,       457,           0,          0
 126,     1432,        835,         0,       464,           0,          0
 127,     1450,        841,         0,       470,           0,          0
 128,     1459,        850,         0,       477,           0,          0
 129,     1474,        858,         0,       479,           0,          0
 130,     1490,        871,         0,       478,           0,          0
 131,     1511,        877,         0,       483,           0,          0
 132,     1526,        885,         0,       485,           0,          0
 133,     1539,        896,        15,       489,           0,          0
 134,     1553,        905,         0,       494,           0,          0
 135,     1570,        911,         0,       494,           0,          0
 136,     1587,        926,         0,       500,           0,          0
 137,     1601,        929,         0,       503,           0,          0
 138,     1621,        944,         0,       505,           0,          0
 139,     1637,        953,         0,       512,           0,          0
 140,     1649,        960,         0,       510,           0,          0
 141,     1665,        964,         0,       514,           0,          0
 142,     1680,        975,         0,       517,           0,          0
 143,     1695,        983,         0,       523,           0,          0
 144,     1710,        990,        15,       535,           0,          0
 145,     1728,       1003,         1,       536,           0,          0
 146,     1742,       1014,         0,       535,           0,          0
 147,     1760,       1019,         0,       539,           0,          0
 148,     1772,       1027,         0,       547,           0,          0
 149,     1785,       1033,         0,       552,           0,          0
 150,     1803,       1046,         0,       554,           0,          0
 151,     1822,       1054,         0,       555,           0,          0
 152,     1837,       1068,         0,       559,           0,          0
 153,     1852,       1069,         0,       561,           0,          0
 154,     1869,       1083,        14,       569,           0,          0
 155,     1882,       1087,         0,       576,           0,          0
 156,     1900,       1096,         0,       582,           0,          0
 157,     1917,       1107,         0,       589,           0,          0
 158,     1930,       1121,         0,       585,           0,          0
 159,     1943,       1121,         0,       594,           0,          0
 160,     1961,       1129,         0,       604,           0,          0
 161,     1979,       1141,         0,       606,           0,          0
 162,     1993,       1146,         0,       603,           0,          0
 163,     2007,       1159,        15,       611,           0,          0
 164,     2025,       1172,         0,       616,           0,          0
 165,     2039,       1178,         0,       618,           0,          0
 166,     2052,       1186,         0,       623,           0,          0
 167,     2067,       1192,         0,       630,           0,          0
 168,     2082,       1202,         0,       629,           0,          0
 169,     2101,       1208,         0,       636,           0,          0
 170,     2115,       1218,         0,       641,           0,          0
 171,     2130,       1228,         0,       641,           0,          0
 172,     2145,       1237,         0,       648,           0,          0
 173,     2163,       1239,         0,       649,           0,          0
 174,     2177,       1253,         0,       656,           0,          0
 175,     2192,       1262,         0,       665,           0,          0
 176,     2208,       1268,         0,       668,           0,          0
 177,     2220,       1278,         0,       671,           0,          0
 178,     2236,       1283,         0,       677,           0,          0
 179,     2252,       1297,         0,       682,           0,         15
 180,     2269,       1309,         0,       691,           0,          0
 181,     2285,       1311,         0,       698,           0,          0
 182,     2298,       1318,         0,       699,           0,          0
 183,     2313,       1326,         0,       700,           0,          0
 184,     2329,       1335,         0,       706,           0,          0
 185,     2347,       1347,         0,       713,           0,          0
 186,     2360,       1355,         0,       713,           0,          0
 187,     2380,       1361,        15,       720,           0,          0
 188,     2393,       1375,         0,       731,           0,          0
 189,     2410,       1382,         0,       734,           0,          0
 190,     2428,       1393,         0,       742,           0,          0
 191,     2441,       1399,         0,       746,           0,          0
 192,     2454,       1405,         0,       750,           0,          0
 193,     2471,       1414,         0,       751,           0,          0
 194,     2487,       1424,         0,       758,           0,          0
 195,     2503,       1431,         0,       766,           0,          0
 196,     2515,       1440,         0,       765,           0,          0
 197,     2533,       1446,         0,       769,           0,          0
 198,     2546,       1457,         7,       778,           0,          0
 199,     2565,       1465,         0,       783,           0,          0
 200,     2580,       1473,         0,       783,           0,          0
 201,     2589,       1477,         0,       784,           0,          8
 202,     2607,       1488,         0,       795,           0,          0
 203,     2625,       1497,         0,       803,           0,          0
 204,     2640,       1510,         0,       799,           0,          0
 205,     2656,       1515,         0,       803,           0,          0
 206,     2672,       1529,         0,       806,           0,          0
 207,     2689,       1535,         0,       818,           0,          0
 208,     2705,       1550,        15,       817,           0,          0
 209,     2722,       1555,         1,       821,           0,          0
 210,     2736,       1565,         2,       826,           0,          0
 211,     2752,       1571,         0,       836,           0,          0
 212,     2766,       1580,         0,       839,           0,          0
 213,     2781,       1585,         0,       842,           0,          0
 214,     2796,       1598,        10,       846,           0,          0
 215,     2815,       1607,         2,       849,           0,          0
 216,     2825,       1612,         0,       858,           0,          0
 217,     2840,       1622,         0,       860,           0,          0
 218,     2857,       1628,         8,       872,           0,          1
 219,     2876,       1643,         0,       876,           0,          0
 220,     2892,       1653,         0,       879,           0,          0
 221,     2908,       1659,         6,       882,           0,          1
 222,     2921,       1668,         1,       888,           0,          0
 223,     2939,       1678,         0,       895,           0,          0
 224,     2952,       1686,         0,       892,           0,          0
 225,     2966,       1694,         0,       895,           0,          0
 226,     2985,       1703,         8,       906,           0,          1
 227,     3002,       1714,         1,       907,           0,          0
 228,     3016,       1721,         0,       907,           0,          0
 229,     3035,       1731,         0,       911,           0,          0
 230,     3047,       1740,         0,       912,           0,          8
 231,     3064,       1746,         0,       925,           0,          0
 232,     3078,       1752,         0,       943,           0,          0
 233,     3095,       1764,         7,       949,           0,          0
 234,     3109,       1771,         3,       948,           0,          0
 235,     3126,       1782,         1,       960,           0,          0
 236,     3140,       1792,         0,       958,           0,          0
 237,     3155,       1793,         0,       965,           0,          7
 238,     3172,       1811,         1,       960,           0,          0
 239,     3188,       1818,         2,       976,           0,          0
 240,     3203,       1822,         0,       981,           0,          0
 241,     3218,       1826,         0,       990,           0,          0
 242,     3233,       1836,         1,       992,           0,          0
 243,     3249,       1855,         0,       993,           0,          0
 244,     3264,       1864,         0,       999,           0,          7
 245,     3285,       1874,         0,      1005,           0,          0
 246,     3295,       1877,         0,      1015,           0,          0
 247,     3310,       1884,         0,      1018,           0,          0
 248,     3323,       1896,         0,      1025,           0,          0
 249,     3341,       1902,         0,      1035,           0,          0
 250,     3356,       1915,        15,      1033,           0,          0
 251,     3368,       1918,         0,      1045,           0,          0
 252,     3386,       1922,         0,      1049,           0,          0
 253,     3400,       1928,         0,      1061,           0,          0
 254,     3413,       1939,         0,      1063,           0,          0
 255,     3428,       1950,        15,      1073,           0,          1
 256,     3448,       1964,         0,      1076,           0,          0
 257,     3467,       1972,         0,      1077,           0,          0
 258,     3483,       1982,         0,      1088,           0,          0
 259,     3493,       1987,         0,      1085,           0,          0
 260,     3516,       1998,         0,      1089,           0,         14
 261,     3531,       2009,         0,      1088,           0,          0
 262,     3549,       2016,         0,      1096,           0,          0
 263,     3568,       2028,         0,      1098,           0,          0
 264,     3580,       2039,         0,      1097,           0,          0
 265,     3601,       2051,         0,      1099,           0,         15
 266,     3619,       2054,         0,      1110,           0,          0
 267,     3638,       2067,         0,      1113,           0,          0
 268,     3651,       2079,         0,      1118,           0,          0
 269,     3669,       2086,         0,      1120,           0,          0
 270,     3689,       2098,        15,      1116,           0,          0
 271,     3711,       2105,         2,      1128,           0,          0
 272,     3726,       2114,         0,      1133,           0,          0
 273,     3746,       2123,         0,      1137,           0,          0
 274,     3757,       2136,         0,      1143,           0,          0
 275,     3772,       2141,        13,      1146,           0,          1
 276,     3794,       2155,         0,      1138,           0,          0
 277,     3810,       2163,         0,      1145,           0,          0
 278,     3826,       2173,         0,      1162,           0,          0
 279,     3848,       2179,         0,      1162,           0,          0
 280,     3863,       2192,        14,      1165,           0,          0
 281,     3883,       2203,         0,      1165,           0,          0
 282,     3900,       2209,         0,      1170,           0,          0
 283,     3923,       2224,         0,      1175,           0,          0
 284,     3935,       2230,         0,      1182,           0,          0
 285,     3954,       2241,        16,      1186,           0,          0
 286,     3967,       2248,         4,      1192,           0,          0
 287,     3986,       2257,         0,      1201,           0,          0
 288,     4008,       2271,         0,      1204,           0,          0
 289,     4024,       2279,        11,      1208,           0,          0
 290,     4040,       2291,         1,      1221,           0,          0
 291,     4060,       2304,         0,      1216,           0,          0
 292,     4079,       2314,         0,      1215,           0,          0
 293,     4098,       2319,         0,      1215,           0,          0
 294,     4111,       2325,        14,      1231,           0,          0
 295,     4128,       2336,         0,      1232,           0,          0
 296,     4145,       2346,         0,      1237,           0,          0
 297,     4168,       2363,         0,      1245,           0,          0
 298,     4182,       2368,        15,      1251,           0,          2
 299,     4201,       2378,         1,      1259,           0,          2
 300,     4220,       2387,         1,      1259,           0,          0
 301,     4238,       2394,         0,      1260,           0,          0
 302,     4254,       2403,         8,      1267,           0,          0
 303,     4269,       2413,         0,      1262,           0,          0
 304,     4288,       2426,         8,      1273,           0,          0
 305,     4305,       2434,         1,      1280,           0,          0
 306,     4325,       2448,         0,      1282,           0,          7
 307,     4337,       2452,         6,      1284,           0,          2
 308,     4353,       2457,         0,      1291,           0,          8
 309,     4376,       2475,         3,      1296,           0,          1
 310,     4395,       2485,         0,      1315,           0,          0
 311,     4414,       2500,        10,      1311,           0,          1
 312,     4432,       2504,         3,      1328,           0,          0
 313,     4448,       2514,         0,      1329,           0,          0
 314,     4464,       2526,        10,      1327,           0,          0
 315,     4482,       2532,         6,      1342,           0,          0
 316,     4500,       2545,         0,      1331,           0,          0
 317,     4520,       2557,        10,      1342,           0,          0
 318,     4533,       2564,         2,      1348,           0,          2
 319,     4552,       2570,         5,      1357,           0,          0
 320,     4571,       2580,         8,      1379,           0,          2
 321,     4588,       2586,         0,      1381,           0,          0
 322,     4602,       2598,        13,      1366,           0,          3
 323,     4626,       2609,         0,      1378,           0,         22
 324,     4643,       2625,        31,      1376,           0,          6
 325,     4656,       2633,        14,      1379,           0,          6
 326,     4675,       2642,        11,      1388,           0,          0
 327,     4694,       2651,        11,      1394,           0,          4
 328,     4716,       2664,         5,      1401,           0,          2
 329,     4729,       2665,        10,      1402,           0,          4
 330,     4752,       2683,         4,      1403,           0,          4
 331,     4763,       2691,         6,      1410,           0,          0
 332,     4782,       2702,         8,      1411,           0,          2
 333,     4800,       2709,         8,      1424,           0,          1
 334,     4818,       2723,         8,      1425,           0,          2
 335,     4835,       2730,         5,      1430,           0,          1
 336,     4854,       2743,         5,      1428,           0,          0
 337,     4875,       2751,         8,      1430,           0,          2
 338,     4888,       2754,         5,      1443,           0,          0
 339,     4903,       2767,         3,      1453,           0,          0
 340,     4922,       2782,         6,      1453,           0,          1
 341,     4942,       2793,         4,      1454,           0,          3
 342,     4959,       2799,         5,      1452,           0,          2
 343,     4984,       2817,         1,      1466,           0,          3
 344,     4997,       2815,         0,      1467,           0,          5
 345,     5016,       2826,         3,      1475,           0,          1
 346,     5034,       2838,         4,      1479,           0,          1
 347,     5053,       2846,         1,      1483,           0,          0
 348,     5070,       2859,         0,      1492,           0,          0
 349,     5087,       2865,        15,      1494,           0,          1
 350,     5104,       2878,         2,      1515,           0,          0
 351,     5119,       2881,         8,      1515,           0,          0
 352,     5139,       2892,        10,      1518,           0,          0
 353,     5158,       2903,         9,      1522,           0,          5
 354,     5172,       2918,         5,      1526,           0,          2
 355,     5193,       2922,         5,      1530,           0,          1
 356,     5212,       2938,         2,      1533,           0,          0
 357,     5224,       2939,         8,      1539,           0,          3
 358,     5244,       2955,         3,      1551,           0,          6
 359,     5260,       2960,         0,      1559,           0,          0
 360,     5279,       2970,        12,      1561,           0,          1
 361,     5299,       2978,        10,      1565,           0,          2
 362,     5316,       2989,         0,      1578,           0,          5
 363,     5339,       3011,         0,      1579,           0,          0
 364,     5350,       3019,         8,      1581,           0,          0
 365,     5368,       3021,         9,      1590,           0,          2
 366,     5386,       3039,         4,      1594,           0,          4
 367,     5402,       3042,         4,      1601,           0,          0
 368,     5413,       3046,         7,      1603,           0,          2
 369,     5430,       3053,         1,      1608,           0,          0
 370,     5453,       3072,        11,      1613,           0,          2
 371,     5467,       3081,         4,      1621,           0,          0
 372,     5488,       3091,         8,      1627,           0,          2
 373,     5509,       3096,         2,      1629,           0,          7
 374,     5518,       3110,         5,      1637,           0,          2
 375,     5539,       3121,         8,      1637,           0,          1
 376,     5556,       3124,         6,      1656,           0,          2
 377,     5575,       3133,         8,      1663,           0,          1
 378,     5594,       3144,         6,      1665,           0,          2
 379,     5616,       3159,         5,      1662,           0,          3
 380,     5630,       3171,         7,      1687,           0,          1
 381,     5646,       3177,         6,      1696,           0,          1
 382,     5666,       3186,         6,      1686,           0,          2
 383,     5686,       3203,         6,      1698,           0,          2
 384,     5696,       3207,         6,      1711,           0,          1
 385,     5722,       3223,         6,      1714,           0,          1
 386,     5733,       3226,         5,      1700,           0,          2
 387,     5744,       3229,         5,      1710,           0,          0
 388,     5762,       3248,         7,      1719,           0,          1
 389,     5786,       3254,         4,      1718,           0,          2
 390,     5803,       3266,         5,      1727,           0,          3
 391,     5823,       3279,         6,      1734,           0,          0
 392,     5840,       3288,         6,      1738,           0,          2
 393,     5852,       3292,         5,      1741,           0,          2
 394,     5875,       3305,         3,      1739,           0,          0
 395,     5897,       3314,         8,      1743,           0,          4
 396,     5910,       3326,         0,      1759,           0,          6
 397,     5928,       3333,         2,      1762,           0,          6
 398,     5944,       3347,         6,      1765,           0,          4
 399,     5961,       3350,         7,      1770,           0,          0
 400,     5979,       3362,         4,      1777,           0,          1
 401,     5990,       3369,         6,      1781,           0,          0
 402,     6016,       3390,         6,      1774,           0,          1
 403,     6032,       3394,         5,      1781,           0,          1
 404,     6049,       3406,         2,      1793,           0,          4
 405,     6068,       3412,         5,      1804,           0,          0
 406,     6081,       3420,         4,      1803,           0,          0
 407,     6102,       3430,         6,      1812,           0,          4
 408,     6116,       3437,         0,      1817,           0,          0
 409,     6128,       3445,        11,      1815,           0,          0
 410,     6149,       3461,         1,      1814,           0,          0
 411,     6164,       3467,         9,      1827,           0,          0
 412,     6183,       3478,         9,      1830,           0,          1
 413,     6206,       3494,         5,      1834,           0,          1
 414,     6225,       3499,         5,      1844,           0,          2
 415,     6237,       3507,         6,      1858,           0,          1
 416,     6263,       3523,         1,      1852,           0,          0
 417,     6279,       3535,         7,      1855,           0,          5
 418,     6296,       3546,         4,      1852,           0,          2
 419,     6310,       3543,         1,      1856,           0,          0
 420,     6326,       3560,        10,      1872,           0,          2
 421,     6344,       3569,         0,      1871,           0,         11
 422,     6359,       3578,         8,      1894,           0,          3
 423,     6381,       3586,         5,      1895,           0,          5
 424,     6400,       3599,         5,      1891,           0,          3
 425,     6421,       3607,         5,      1895,           0,          2
 426,     6437,       3619,         7,      1900,           0,          1
 427,     6452,       3627,         5,      1904,           0,          2
 428,     6467,       3634,         7,      1919,           0,          1
 429,     6485,       3642,         6,      1924,           0,          5
 430,     6503,       3655,         5,      1911,           0,          1
 431,     6519,       3660,         7,      1928,           0,          3
 432,     6536,       3667,         4,      1942,           0,          2
 433,     6552,       3677,         0,      1945,           0,          8
 434,     6572,       3689,         2,      1947,           0,          0
 435,     6589,       3702,         0,      1945,           0,         13
 436,     6602,       3707,         1,      1964,           0,          0
 437,     6626,       3723,         0,      1965,           0,          0
 438,     6641,       3729,         3,      1971,           0,          0
 439,     6665,       3741,         8,      1966,           0,          2
 440,     6676,       3744,         5,      1992,           0,          1
 441,     6691,       3753,         6,      1996,           0,          2
 442,     6715,       3767,         4,      1990,           0,          1
 443,     6733,       3778,         6,      1990,           0,          3
 444,     6749,       3787,         6,      2003,           0,          2
 445,     6769,       3802,         0,      2006,           0,          7
 446,     6781,       3805,         6,      2020,           0,          0
 447,     6798,       3819,         5,      2021,           0,          0
 448,     6820,       3829,         7,      2021,           0,          3
 449,     6834,       3833,         4,      2024,           0,          0
 450,     6854,       3849,         7,      2026,           0,          2
 451,     6874,       3855,         4,      2031,           0,          0
 452,     6888,       3869,         7,      2055,           0,          1
 453,     6906,       3879,         5,      2061,           0,          2
 454,     6923,       3892,         4,      2043,           0,          2
 455,     6948,       3901,         3,      2049,           0,          0
 456,     6963,       3907,        11,      2056,           0,          2
 457,     6977,       3916,         9,      2059,           0,          3
 458,     6997,       3928,         7,      2073,           0,          2
 459,     7020,       3936,         7,      2073,           0,          2
 460,     7037,       3949,         8,      2073,           0,          0
 461,     7053,       3958,         8,      2081,           0,          0
 462,     7065,       3963,         7,      2098,           0,          0
 463,     7086,       3975,         5,      2094,           0,          2
 464,     7096,       3988,         3,      2120,           0,          0
 465,     7115,       3993,         9,      2120,           0,          2
 466,     7136,       4006,         0,      2120,           0,          0
 467,     7153,       4012,        10,      2124,           0,          0
 468,     7171,       4018,         0,      2136,           0,          0
 469,     7188,       4034,        15,      2141,           0,          0
 470,     7209,       4046,         0,      2145,           0,          0
 471,     7229,       4056,        15,      2155,           0,          0
 472,     7240,       4064,         0,      2160,           0,          0
 473,     7264,       4073,        15,      2165,           0,          0
 474,     7274,       4083,         0,      2163,           0,          0
 475,     7297,       4090,        15,      2170,           0,          0
 476,     7316,       4107,        12,      2170,           0,          0
 477,     7335,       4118,         4,      2186,           0,          0
 478,     7348,       4124,         0,      2189,           0,         15
 479,     7369,       4135,         0,      2203,           0,          0
 480,     7382,       4142,         0,      2211,           0,         15
 481,     7404,       4156,         5,      2215,           0,          1
 482,     7419,       4161,         0,      2227,           0,          0
 483,     7437,       4172,        10,      2224,           0,          0
 484,     7459,       4189,         0,      2231,           0,          0
 485,     7476,       4196,        14,      2235,           0,          0
 486,     7494,       4206,         0,      2240,           0,          0
 487,     7508,       4216,        15,      2242,           0,          0
 488,     7525,       4228,         0,      2242,           0,          0
 489,     7538,       4230,         0,      2248,           0,         15
 490,     7561,       4240,         1,      2266,           0,          0
 491,     7577,       4253,         0,      2281,           0,          0
 492,     7599,       4265,        14,      2275,           0,          0
 493,     7620,       4280,         0,      2285,           0,          0
 494,     7631,       4283,        15,      2287,           0,          0
 495,     7647,       4294,         0,      2290,           0,          0
 496,     7663,       4297,         0,      2308,           0,         15
 497,     7684,       4305,         0,      2311,           0,          0
 498,     7702,       4323,         0,      2320,           0,          0
 499,     7719,       4331,        15,      2324,           0,          0
 500,     7737,       4341,         0,      2323,           0,          0
 501,     7757,       4350,        15,      2326,           0,          0
 502,     7769,       4349,         0,      2350,           0,          0
 503,     7788,       4358,        15,      2349,           0,          0
 504,     7804,       4374,         7,      2356,           0,          0
 505,     7826,       4382,         0,      2357,           0,          8
 506,     7841,       4393,         2,      2381,           0,          0
 507,     7861,       4397,         0,      2379,           0,          0
 508,     7879,       4410,        13,      2381,           0,          0
 509,     7896,       4416,         0,      2387,           0,          0
 510,     7917,       4435,        15,      2411,           0,          0
 511,     7933,       4444,         0,      2408,           0,          0
 512,     7958,       4462,        15,      2411,           0,          1
 513,     7974,       4472,         0,      2412,           0,          8
 514,     7992,       4483,         5,      2412,           0,          1
 515,     8014,       4496,         7,      2427,           0,          1
 516,     8031,       4512,         6,      2432,           0,          1
 517,     8057,       4519,         3,      2438,           0,          5
 518,     8070,       4528,         4,      2426,           0,          0
 519,     8098,       4541,         6,      2446,           0,          0
 520,     8112,       4547,        10,      2437,           0,          0
 521,     8129,       4554,        10,      2442,           0,          0
 522,     8150,       4572,         4,      2439,           0,          0
 523,     8178,       4589,         0,      2448,           0,          0
 524,     8191,       4597,         6,      2465,           0,          0
 525,     8212,       4605,         0,      2472,           0,          9
 526,     8231,       4618,         0,      2463,           0,          0
 527,     8253,       4624,         0,      2460,           0,         15
 528,     8276,       4638,         0,      2474,           0,          0
 529,     8294,       4650,         0,      2479,           0,          0
 530,     8316,       4668,        18,      2473,           0,          0
 531,     8332,       4672,         0,      2476,           0,         13
 532,     8348,       4683,         5,      2492,           0,          0
 533,     8369,       4692,         4,      2496,           0,          0
 534,     8386,       4703,         0,      2490,           0,          0
 535,     8407,       4713,         0,      2509,           0,          0
 536,     8424,       4722,        18,      2504,           0,          0
 537,     8445,       4737,         0,      2511,           0,         13
 538,     8465,       4748,         1,      2516,           0,          0
 539,     8483,       4751,        14,      2521,           0,          0
 540,     8501,       4766,         4,      2515,           0,          0
 541,     8525,       4782,        11,      2524,           0,          0
 542,     8549,       4794,         7,      2533,           0,          0
 543,     8558,       4798,         0,      2547,           0,          0
 544,     8578,       4805,        15,      2540,           0,          0
 545,     8602,       4821,         0,      2541,           0,          0
 546,     8616,       4829,        15,      2550,           0,          0
 547,     8642,       4832,         0,      2564,           0,         15
 548,     8662,       4847,         0,      2553,           0,          0
 549,     8684,       4860,         0,      2562,           0,         15
 550,     8703,       4870,         0,      2578,           0,          0
 551,     8716,       4877,         0,      2580,           0,          0
 552,     8734,       4894,        15,      2566,           0,          0
 553,     8759,       4906,         7,      2570,           0,          5
 554,     8782,       4918,         2,      2579,           0,          0
 555,     8802,       4931,         0,      2583,           0,          0
 556,     8817,       4939,        15,      2595,           0,          0
 557,     8843,       4947,         0,      2598,           0,          0
 558,     8861,       4960,         0,      2611,           0,          0
 559,     8877,       4966,         0,      2612,           0,         15
 560,     8899,       4986,         0,      2622,           0,          0
 561,     8918,       4992,         0,      2622,           0,         15
 562,     8937,       5000,         0,      2620,           0,          0
 563,     8950,       5004,        15,      2623,           0,          0
 564,     8970,       5020,         0,      2633,           0,          0
 565,     8994,       5031,        15,      2643,           0,          3
 566,     9012,       5043,         0,      2641,           0,          0
 567,     9035,       5051,        15,      2645,           0,          1
 568,     9052,       5068,         5,      2644,           0,          0
 569,     9075,       5074,         7,      2650,           0,          0
 570,     9093,       5087,         0,      2667,           0,          0
 571,     9116,       5095,        17,      2676,           0,          0
 572,     9129,       5106,         0,      2678,           0,         12
 573,     9152,       5120,         3,      2690,           0,          0
 574,     9173,       5126,         9,      2688,           0,          3
 575,     9190,       5130,         0,      2693,           0,          7
 576,     9197,       5138,         0,      2702,           0,          8
 577,     9224,       5145,         4,      2705,           0,          3
 578,     9247,       5163,         4,      2706,           0,          5
 579,     9264,       5171,         1,      2714,           0,          0
 580,     9279,       5186,         9,      2730,           0,          0
 581,     9298,       5196,         6,      2732,           0,          0
 582,     9317,       5205,        10,      2720,           0,          1
 583,     9341,       5219,         9,      2723,           0,          5
 584,     9363,       5225,         0,      2726,           0,          0
 585,     9380,       5234,         0,      2729,           0,          0
 586,     9400,       5245,         0,      2730,           0,          0
 587,     9419,       5257,        15,      2747,           0,          0
 588,     9439,       5272,         0,      2757,           0,          0
 589,     9458,       5277,        16,      2762,           0,          0
 590,     9479,       5292,         0,      2761,           0,          0
 591,     9494,       5298,        14,      2771,           0,          0
 592,     9519,       5312,         9,      2774,           0,          0
 593,     9535,       5320,         6,      2775,           0,          0
 594,     9560,       5340,         0,      2784,           0,          0
 595,     9576,       5343,        15,      2792,           0,          0
 596,     9590,       5353,         0,      2793,           0,          0
 597,     9613,       5367,        18,      2808,           0,          0
 598,     9632,       5378,         9,      2805,           0,          0
 599,     9658,       5393,         6,      2818,           0,          0
 600,     9671,       5393,         7,      2819,           0,          6
 601,     9692,       5408,         0,      2822,           0,          7
 602,     9712,       5423,         1,      2816,           0,          6
 603,     9740,       5436,         4,      2827,           0,          4
 604,     9758,       5445,         0,      2845,           0,          0
 605,     9779,       5455,        16,      2850,           0,          0
 606,     9794,       5467,         7,      2846,           0,          0
 607,     9817,       5481,         9,      2844,           0,          0
 608,     9834,       5483,         0,      2863,           0,          0
 609,     9849,       5486,        16,      2866,           0,          0
 610,     9872,       5509,         0,      2857,           0,         14
 611,     9883,       5517,         2,      2861,           0,          4
 612,     9907,       5524,         0,      2883,           0,          6
 613,     9929,       5541,         8,      2885,           0,          0
 614,     9948,       5550,         8,      2885,           0,          0
 615,     9976,       5565,         8,      2884,           0,          0
 616,     9989,       5576,         9,      2905,           0,          0
 617,    10004,       5577,         9,      2904,           0,          0
 618,    10022,       5589,        14,      2905,           0,          0
 619,    10046,       5601,        12,      2910,           0,          4
 620,    10064,       5611,         4,      2930,           0,          0
 621,    10089,       5627,         8,      2931,           0,          2
 622,    10107,       5633,         8,      2930,           0,          0
 623,    10132,       5651,         0,      2942,           0,         13
 624,    10150,       5661,         7,      2961,           0,          0
 625,    10168,       5666,        10,      2966,           0,          0
 626,    10191,       5683,        13,      2979,           0,          2
 627,    10212,       5697,         8,      2967,           0,          1
 628,    10229,       5704,         7,      2968,           0,          0
 629,    10244,       5710,        10,      2971,           0,          3
 630,    10269,       5727,        13,      2998,           0,          4
 631,    10292,       5733,        14,      3003,           0,          3
 632,    10307,       5746,        13,      2986,           0,          4
 633,    10327,       5759,        14,      3000,           0,          2
 634,    10349,       5776,        13,      3005,           0,          4
 635,    10370,       5778,        10,      3009,           0,          4
 636,    10381,       5784,         9,      3023,           0,          2
 637,    10401,       5793,        12,      3025,           0,          5
 638,    10425,       5816,        10,      3043,           0,          4
 639,    10441,       5819,        10,      3044,           0,          0
 640,    10455,       5828,         5,      3066,           0,         11
 641,    10487,       5850,         6,      3068,           0,          8
 642,    10504,       5849,         9,      3074,           0,          5
 643,    10520,       5858,         8,      3071,           0,          0
 644,    10536,       5868,        12,      3064,           0,          0
 645,    10564,       5873,        19,      3064,           0,          0
 646,    10585,       5903,        15,      3076,           0,          3
 647,    10608,       5910,         9,      3088,           0,          0
 648,    10627,       5924,        14,      3078,           0,          2
 649,    10648,       5936,         6,      3089,           0,          0
 650,    10663,       5942,         9,      3093,           0,          0
 651,    10684,       5951,         6,      3094,           0,          1
 652,    10703,       5961,         8,      3109,           0,          0
 653,    10720,       5972,         8,      3110,           0,          0
 654,    10736,       5976,         0,      3115,           0,          8
 655,    10757,       5989,         2,      3116,           0,          0
 656,    10778,       6005,        13,      3133,           0,          0
 657,    10789,       6007,         7,      3135,           0,          8
 658,    10810,       6026,         1,      3137,           0,          0
 659,    10835,       6036,         9,      3140,           0,          0
 660,    10858,       6051,         0,      3153,           0,         13
 661,    10876,       6053,         0,      3157,           0,          0
 662,    10886,       6065,        18,      3144,           0,          0
 663,    10916,       6079,        12,      3155,           0,          0
 664,    10937,       6095,        11,      3167,           0,          3
 665,    10954,       6097,         6,      3170,           0,          3
 666,    10971,       6108,         9,      3176,           0,          4
 667,    10990,       6117,        10,      3189,           0,          4
 668,    11005,       6128,        14,      3186,           0,          7
 669,    11032,       6142,        12,      3188,           0,          6
 670,    11048,       6154,         3,      3203,           0,         12
 671,    11070,       6160,        11,      3199,           0,          5
 672,    11092,       6172,        10,      3199,           0,          0
 673,    11111,       6190,        18,      3205,           0,          3
 674,    11126,       6195,        15,      3212,           0,          4
 675,    11149,       6208,        18,      3211,           0,          5
 676,    11166,       6216,        22,      3232,           0,          4
 677,    11186,       6230,        11,      3240,           0,          6
 678,    11208,       6236,         6,      3246,           0,          0
 679,    11229,       6254,        28,      3251,           0,          5
 680,    11239,       6257,        22,      3244,           0,          0
 681,    11257,       6265,        10,      3250,           0,          7
 682,    11291,       6289,         8,      3260,           0,          0
 683,    11309,       6295,        17,      3264,           0,          7
 684,    11327,       6307,        15,      3251,           0,          0
 685,    11353,       6321,        18,      3255,           0,          3
 686,    11365,       6326,        12,      3273,           0,          4
 687,    11385,       6340,        16,      3295,           0,          5
 688,    11406,       6357,        29,      3293,           0,          8
 689,    11426,       6358,        21,      3294,           0,          3
 690,    11445,       6369,        16,      3303,           0,          9
 691,    11475,       6392,        14,      3304,           0,          5
 692,    11488,       6400,        13,      3308,           0,          3
 693,    11504,       6409,        15,      3312,           0,          5
 694,    11523,       6417,        18,      3317,           0,          6
 695,    11543,       6422,        16,      3328,           0,          0
 696,    11555,       6430,        16,      3343,           0,          8
 697,    11574,       6435,        10,      3346,           0,          0
 698,    11604,       6462,        30,      3347,           0,          1
 699,    11624,       6467,        15,      3344,           0,          0
 700,    11641,       6485,        34,      3383,           0,         10
 701,    11661,       6487,        15,      3382,           0,          4
 702,    11681,       6497,        20,      3386,           0,          4
 703,    11699,       6510,        17,      3385,           0,          7
 704,    11715,       6521,        14,      3393,           0,         11
 705,    11739,       6529,        11,      3395,           0,          6
 706,    11752,       6537,        13,      3403,           0,          8
 707,    11780,       6555,        15,      3418,           0,          3
 708,    11794,       6570,        12,      3408,           0,          0
 709,    11819,       6586,        18,      3411,           0,          5
 710,    11836,       6585,        14,      3428,           0,          4
 711,    11860,       6598,        15,      3424,           0,          9
 712,    11873,       6604,        14,      3433,           0,          9
 713,    11895,       6614,        21,      3443,           0,          8
 714,    11916,       6631,        13,      3446,           0,          4
 715,    11939,       6649,        17,      3435,           0,          7
 716,    11955,       6653,        11,      3468,           0,          7
 717,    11975,       6663,        15,      3468,           0,          0
 718,    11995,       6673,        22,      3478,           0,          3
 719,    12018,       6685,        14,      3480,           0,          8
 720,    12033,       6688,        11,      3478,           0,          9
 721,    12058,       6701,        14,      3486,           0,          2
 722,    12064,       6711,         9,      3501,           0,          8
 723,    12086,       6728,        10,      3493,           0,          1
 724,    12108,       6730,        12,      3509,           0,          2
 725,    12128,       6738,        14,      3526,           0,         12
 726,    12150,       6760,        21,      3515,           0,          4
 727,    12169,       6764,        14,      3517,           0,          0
 728,    12190,       6774,        15,      3536,           0,          4
 729,    12207,       6788,        11,      3538,           0,          0
 730,    12230,       6804,         0,      3533,           0,         18
 731,    12244,       6804,         9,      3544,           0,          0
 732,    12266,       6818,        17,      3553,           0,          3
 733,    12287,       6830,         7,      3553,           0,          0
 734,    12306,       6841,        13,      3573,           0,          0
 735,    12328,       6849,        15,      3575,           0,          0
 736,    12342,       6858,        19,      3571,           0,          2
 737,    12369,       6880,        11,      3575,           0,          3
 738,    12392,       6889,         3,      3588,           0,         11
 739,    12408,       6899,        13,      3598,           0,          3
 740,    12428,       6911,        15,      3598,           0,         13
 741,    12449,       6917,        19,      3600,           0,          8
 742,    12465,       6926,        22,      3613,           0,          0
 743,    12482,       6935,        23,      3618,           0,          0
 744,    12502,       6946,        16,      3623,           0,          9
 745,    12526,       6960,        17,      3630,           0,          9
 746,    12549,       6975,        13,      3648,           0,          6
 747,    12567,       6985,        16,      3638,           0,          2
 748,    12582,       6992,        17,      3647,           0,          6
 749,    12600,       6995,        16,      3664,           0,          7
 750,    12624,       7012,        17,      3656,           0,          7
 751,    12644,       7027,        16,      3664,           0,          8
 752,    12659,       7043,        31,      3691,           0,          5
 753,    12687,       7051,        28,      3691,           0,          6
 754,    12708,       7066,        21,      3700,           0,          1
 755,    12728,       7075,        24,      3709,           0,          8
 756,    12739,       7082,        18,      3706,           0,          6
 757,    12762,       7093,        20,      3715,           0,          7
 758,    12781,       7104,        26,      3714,           0,          8
 759,    12799,       7117,        19,      3708,           0,          8
 760,    12814,       7123,        16,      3754,           0,          8
 761,    12849,       7138,        21,      3765,           0,          8
 762,    12867,       7148,        24,      3761,           0,          8
 763,    12872,       7151,        16,      3767,           0,          8
 764,    12909,       7174,        16,      3766,           0,         11
 765,    12929,       7179,        18,      3762,           0,          7
 766,    12933,       7182,        18,      3784,           0,          6
 767,    12965,       7206,        16,      3790,           0,          0
 768,    12989,       7214,        16,      3801,           0,          6
 769,    13006,       7228,        19,      3803,           0,          7
 770,    13019,       7233,        22,      3814,           0,         14
 771,    13047,       7248,        23,      3822,           0,          5
 772,    13064,       7256,        47,      3791,           0,         14
 773,    13085,       7267,        18,      3795,           0,          4
 774,    13104,       7277,        17,      3819,           0,          0
 775,    13118,       7286,        16,      3820,           0,          5
 776,    13134,       7298,        16,      3821,           0,          5
 777,    13161,       7312,        15,      3825,           0,          3
 778,    13177,       7320,        20,      3842,           0,          4
 779,    13196,       7332,        11,      3839,           0,          8
 780,    13216,       7347,        16,      3842,           0,          6
 781,    13238,       7341,        12,      3848,           0,          6
 782,    13255,       7363,        10,      3851,           0,          3
 783,    13274,       7370,        12,      3863,           0,          6
 784,    13294,       7384,        13,      3864,           0,          0
 785,    13315,       7394,        19,      3867,           0,          4
 786,    13333,       7407,        12,      3869,           0,          3
 787,    13361,       7421,        17,      3873,           0,          6
 788,    13378,       7433,        15,      3877,           0,          4
 789,    13399,       7445,        11,      3869,           0,          3
 790,    13416,       7454,        12,      3890,           0,          4
 791,    13437,       7454,        12,      3898,           0,          4
 792,    13448,       7463,        13,      3890,           0,          7
 793,    13469,       7468,        12,      3897,           0,          0
 794,    13492,       7491,        18,      3927,           0,          4
 795,    13510,       7492,        13,      3922,           0,          5
 796,    13530,       7511,         4,      3913,           0,         12
 797,    13551,       7521,        31,      3934,           0,          1
 798,    13574,       7530,        19,      3937,           0,          0
 799,    13595,       7541,        12,      3932,           0,          9
 800,    13612,       7556,         9,      3945,           0,          4
 801,    13632,       7569,         3,      3948,           0,         15
 802,    13649,       7579,        15,      3957,           0,          0
 803,    13672,       7592,        28,      3952,           0,          3
 804,    13691,       7600,        31,      3952,           0,         15
 805,    13717,       7609,        15,      3961,           0,         15
 806,    13727,       7618,        30,      3965,           0,          6
 807,    13756,       7634,        18,      3972,           0,          6
 808,    13776,       7641,        15,      3985,           0,          1
 809,    13791,       7658,        14,      3984,           0,          4
 810,    13809,       7669,        11,      3988,           0,          0
 811,    13828,       7679,        13,      3995,           0,          0
 812,    13848,       7681,        18,      4002,           0,          1
 813,    13872,       7698,        11,      4011,           0,          0
 814,    13890,       7708,        15,      4022,           0,          0
 815,    13910,       7713,        22,      4017,           0,          3
 816,    13919,       7720,        13,      4027,           0,          6
 817,    13946,       7741,        12,      4029,           0,          2
 818,    13968,       7754,        10,      4041,           0,          5
 819,    13991,       7761,        16,      4034,           0,          0
 820,    14005,       7768,        19,      4034,           0,          4
 821,    14031,       7781,        17,      4049,           0,          5
 822,    14048,       7791,         7,      4065,           0,          0
 823,    14066,       7798,         9,      4059,           0,         12
 824,    14088,       7806,         8,      4065,           0,          0
 825,    14109,       7816,        11,      4070,           0,          0
 826,    14126,       7831,        14,      4076,           0,          0
 827,    14148,       7844,        16,      4083,           0,          0
 828,    14168,       7860,         0,      4097,           0,         15
 829,    14189,       7865,         0,      4099,           0,         15
 830,    14204,       7874,         0,      4114,           0,          0
 831,    14223,       7883,        21,      4121,           0,          0
 832,    14234,       7898,        12,      4114,           0,          0
 833,    14258,       7902,        14,      4119,           0,          0
 834,    14285,       7915,        15,      4120,           0,          2
 835,    14300,       7927,         0,      4123,           0,         13
 836,    14318,       7936,         0,      4138,           0,          0
 837,    14345,       7952,        15,      4142,           0,          0
 838,    14362,       7966,        19,      4135,           0,          0
 839,    14380,       7972,        11,      4135,           0,          0
 840,    14396,       7981,        15,      4155,           0,          0
 841,    14416,       7985,         0,      4159,           0,         15
 842,    14441,       7996,         0,      4162,           0,         15
 843,    14454,       8008,         0,      4176,           0,         15
 844,    14477,       8027,        15,      4185,           0,          3
 845,    14497,       8034,        13,      4186,           0,          0
 846,    14518,       8042,        15,      4200,           0,          2
 847,    14538,       8053,        15,      4213,           0,          0
 848,    14558,       8058,        15,      4194,           0,          0
 849,    14583,       8072,        15,      4196,           0,          0
 850,    14592,       8079,        15,      4206,           0,          5
 851,    14622,       8098,        11,      4213,           0,          1
 852,    14637,       8108,        12,      4219,           0,          1
 853,    14659,       8121,        13,      4231,           0,          0
 854,    14683,       8130,        19,      4231,           0,          0
 855,    14700,       8143,        22,      4238,           0,          7
 856,    14716,       8149,        14,      4246,           0,          9
 857,    14730,       8165,        10,      4253,           0,         12
 858,    14751,       8177,         0,      4260,           0,         15
 859,    14775,       8185,        15,      4267,           0,          0
 860,    14792,       8193,         0,      4265,           0,         15
 861,    14807,       8207,        12,      4261,           0,          6
 862,    14837,       8225,        12,      4279,           0,          1
 863,    14857,       8240,        14,      4291,           0,          0
 864,    14870,       8237,        15,      4304,           0,          0
 865,    14890,       8247,        15,      4310,           0,          0
 866,    14910,       8267,        15,      4316,           0,          0
 867,    14926,       8274,         0,      4319,           0,         15
 868,    14953,       8283,         7,      4323,           0,          0
 869,    14966,       8293,         9,      4319,           0,          0
 870,    14992,       8316,        15,      4339,           0,          0
 871,    15011,       8321,        15,      4328,           0,          0
 872,    15026,       8321,        14,      4355,           0,          1
 873,    15038,       8324,         0,      4356,           0,         15
 874,    15062,       8344,         0,      4353,           0,          0
 875,    15088,       8359,        16,      4366,           0,          0
 876,    15107,       8371,         5,      4382,           0,          0
 877,    15127,       8380,        14,      4386,           0,          0
 878,    15149,       8396,         0,      4377,           0,         15
 879,    15166,       8405,         0,      4379,           0,          0
 880,    15183,       8411,         0,      4402,           0,          0
 881,    15203,       8421,        15,      4405,           0,          8
 882,    15224,       8439,         7,      4422,           0,          0
 883,    15243,       8443,         0,      4425,           0,          2
 884,    15263,       8458,         0,      4418,           0,         14
 885,    15283,       8470,         3,      4417,           0,          0
 886,    15305,       8477,        12,      4435,           0,          0
 887,    15326,       8492,        16,      4442,           0,          0
 888,    15342,       8505,        13,      4442,           0,          0
 889,    15363,       8508,         7,      4454,           0,         10
 890,    15380,       8519,         8,      4453,           0,          2
 891,    15400,       8534,        10,      4468,           0,          2
 892,    15423,       8542,        10,      4474,           0,          0
 893,    15448,       8561,         8,      4478,           0,          7
 894,    15458,       8563,         4,      4489,           0,          0
 895,    15484,       8576,        11,      4500,           0,          0
 896,    15505,       8586,        15,      4495,           0,          0
 897,    15520,       8590,        15,      4501,           0,          4
 898,    15539,       8597,         0,      4516,           0,         12
 899,    15565,       8620,         5,      4524,           0,          0
 900,    15579,       8625,         9,      4509,           0,          0
 901,    15605,       8635,        17,      4518,           0,          0
 902,    15623,       8657,        16,      4514,           0,          0
 903,    15640,       8659,        14,      4519,           0,          0
 904,    15658,       8674,         0,      4555,           0,         15
 905,    15672,       8674,         0,      4558,           0,          0
 906,    15698,       8692,        15,      4572,           0,          0
 907,    15716,       8700,        17,      4566,           0,          0
 908,    15738,       8712,        14,      4558,           0,          0
 909,    15756,       8724,        15,      4557,           0,          4
 910,    15777,       8733,        11,      4555,           0,          0
 911,    15798,       8749,        15,      4571,           0,          0
 912,    15819,       8762,        15,      4585,           0,         18
 913,    15840,       8769,        13,      4587,           0,          0
 914,    15855,       8781,        15,      4583,           0,          0
 915,    15877,       8794,        15,      4600,           0,          0
 916,    15886,       8803,        15,      4597,           0,          0
 917,    15912,       8814,        15,      4604,           0,          0
 918,    15932,       8824,        15,      4604,           0,          0
 919,    15954,       8837,         8,      4623,           0,          7
 920,    15965,       8839,         4,      4621,           0,          0
 921,    15998,       8858,         8,      4624,           0,          8
 922,    16007,       8860,         1,      4631,           0,         15
 923,    16039,       8870,        14,      4643,           0,          5
 924,    16054,       8883,        10,      4657,           0,         10
 925,    16071,       8893,        11,      4658,           0,          0
 926,    16089,       8908,        11,      4659,           0,          0
 927,    16112,       8913,        10,      4663,           0,          0
 928,    16130,       8920,        10,      4697,           0,          0
 929,    16148,       8929,        15,      4701,           0,          0
 930,    16162,       8933,        15,      4686,           0,          0
 931,    16186,       8948,        15,      4704,           0,          3
 932,    16211,       8972,         0,      4703,           0,         13
 933,    16229,       8976,        17,      4706,           0,          0
 934,    16251,       8988,        14,      4713,           0,          0
 935,    16273,       9002,        15,      4727,           0,         15
 936,    16290,       9004,        15,      4736,           0,          8
 937,    16304,       9007,         7,      4738,           0,          0
 938,    16326,       9024,        15,      4750,           0,          0
 939,    16352,       9038,        18,      4746,           0,          0
 940,    16371,       9054,        12,      4758,           0,          0
 941,    16388,       9061,        15,      4758,           0,          0
 942,    16408,       9072,         0,      4779,           0,         15
 943,    16428,       9079,         0,      4778,           0,         14
 944,    16443,       9092,         0,      4787,           0,          0
 945,    16462,       9101,        15,      4792,           0,          0
 946,    16485,       9118,        15,      4806,           0,          0
 947,    16505,       9128,        15,      4814,           0,          0
 948,    16517,       9129,        17,      4792,           0,          0
 949,    16545,       9144,        14,      4794,           0,          0
 950,    16567,       9160,         0,      4814,           0,         15
 951,    16585,       9171,         4,      4833,           0,         11
 952,    16603,       9180,         0,      4828,           0,          0
 953,    16619,       9188,        17,      4829,           0,          0
 954,    16639,       9197,        15,      4856,           0,          0
 955,    16660,       9210,        15,      4850,           0,          0
 956,    16683,       9228,        15,      4856,           0,          4
 957,    16702,       9232,        10,      4868,           0,          0
 958,    16721,       9246,        15,      4877,           0,          6
 959,    16740,       9252,        10,      4892,           0,         14
 960,    16754,       9254,        16,      4885,           0,          0
 961,    16778,       9275,        15,      4891,           0,         15
 962,    16801,       9284,        16,      4911,           0,          0
 963,    16819,       9288,        15,      4917,           0,          0
 964,    16832,       9301,        15,      4918,           0,          0
 965,    16857,       9312,        15,      4918,           0,          0
 966,    16873,       9321,        15,      4927,           0,          0
 967,    16896,       9337,         0,      4937,           0,         15
 968,    16918,       9350,         0,      4940,           0,         15
 969,    16926,       9349,         5,      4945,           0,          0
 970,    16952,       9366,        10,      4942,           0,          0
 971,    16976,       9378,        15,      4958,           0,          0
 972,    16997,       9393,        15,      4962,           0,          0
 973,    17021,       9399,        15,      4968,           0,          0
 974,    17036,       9415,        15,      4969,           0,          0
 975,    17047,       9415,        15,      4993,           0,          0
 976,    17072,       9434,        16,      4969,           0,          0
 977,    17084,       9437,         0,      4972,           0,         15
 978,    17112,       9455,         0,      4986,           0,         15
 979,    17133,       9468,         0,      4990,           0,          0
 980,    17155,       9476,         0,      5023,           0,          0
 981,    17176,       9485,        15,      5023,           0,          0
 982,    17183,       9491,        15,      5035,           0,          0
 983,    17210,       9509,        17,      5048,           0,          0
 984,    17229,       9522,        18,      5041,           0,          4
 985,    17250,       9528,         6,      5045,           0,          0
 986,    17269,       9546,        37,      5058,           0,          0
 987,    17291,       9552,        27,      5058,           0,          5
 988,    17307,       9559,        24,      5072,           0,          7
 989,    17323,       9569,        24,      5076,           0,          0
 990,    17347,       9580,        31,      5084,           0,          0
 991,    17367,       9597,        20,      5078,           0,          0
 992,    17387,       9608,        11,      5102,           0,          0
 993,    17405,       9623,        15,      5103,           0,          0
 994,    17428,       9632,        15,      5116,           0,          0
 995,    17444,       9635,        15,      5123,           0,          0
 996,    17469,       9652,        17,      5131,           0,          0
 997,    17486,       9663,        16,      5130,           0,          0
 998,    17501,       9671,        13,      5136,           0,          0
 999,    17513,       9669,        15,      5146,           0,          0
1000,    17543,       9686,        17,      5150,           0,          0
