     n, insertion_cmp, insertion_swaps, insertion_time, bubble_cmp, bubble_swaps, bubble_time
     0,             0,               0,              0,          0,            0,           0
     1,             0,               0,              0,          0,            0,           0
     2,             1,               0,              0,          1,            0,           0
     3,             3,               2,              0,          3,            2,           0
     4,             6,               5,              0,          6,            5,           0
     5,             7,               5,              0,         10,            5,           0
     6,            12,              10,              0,         15,           10,           0
     7,            18,              15,              0,         21,           15,           0
     8,            20,              16,              0,         28,           16,           0
     9,            22,              17,              0,         36,           17,           0
    10,            31,              26,              0,         45,           26,           0
    11,            34,              28,              0,         55,           28,           0
    12,            39,              32,              0,         66,           32,           0
    13,            49,              41,              0,         78,           41,           0
    14,            56,              47,              0,         91,           47,           0
    15,            66,              56,              0,        105,           56,           0
    16,            70,              59,              0,        120,           59,           0
    17,            75,              63,              0,        136,           63,           0
    18,            78,              65,              0,        153,           65,           0
    19,            96,              82,              0,        171,           82,           0
    20,           109,              94,              0,        190,           94,           0
    21,           125,             109,              0,        210,          109,           0
    22,           142,             125,              0,        231,          125,           0
    23,           144,             126,              0,        253,          126,           0
    24,           145,             126,              0,        276,          126,           0
    25,           159,             139,              0,        300,          139,           0
    26,           171,             150,              0,        325,          150,           3
    27,           182,             160,              0,        351,          160,           0
    28,           194,             171,              0,        378,          171,           0
    29,           212,             188,              0,        406,          188,           0
    30,           228,             203,              0,        435,          203,           0
    31,           231,             205,              0,        465,          205,           0
    32,           261,             234,              0,        496,          234,           0
    33,           266,             238,              0,        528,          238,           0
    34,           290,             261,              0,        561,          261,           0
    35,           293,             263,              0,        595,          263,           0
    36,           305,             274,              0,        630,          274,           0
    37,           334,             302,              0,        666,          302,           0
    38,           349,             316,              0,        703,          316,           0
    39,           358,             324,              0,        741,          324,           0
    40,           389,             354,              0,        780,          354,           0
    41,           420,             384,              0,        820,          384,           0
    42,           429,             392,              0,        861,          392,           0
    43,           455,             417,              0,        903,          417,           0
    44,           464,             425,              0,        946,          425,           0
    45,           508,             469,              0,        990,          469,           0
    46,           542,             502,              0,       1035,          502,           0
    47,           562,             521,              0,       1081,          521,           0
    48,           580,             538,              0,       1128,          538,           0
    49,           625,             582,              0,       1176,          582,          15
    50,           642,             598,              0,       1225,          598,           0
    51,           677,             632,              0,       1275,          632,           2
    52,           719,             673,              0,       1326,          673,           0
    53,           727,             680,              0,       1378,          680,           0
    54,           768,             720,              0,       1431,          720,           0
    55,           806,             757,              0,       1485,          757,           0
    56,           861,             812,              0,       1540,          812,           0
    57,           867,             817,              0,       1596,          817,           0
    58,           910,             859,              0,       1653,          859,           0
    59,           920,             868,              0,       1711,          868,           0
    60,           942,             889,              0,       1770,          889,           0
    61,           948,             894,             13,       1830,          894,           0
    62,           960,             905,              0,       1891,          905,           0
    63,           962,             906,              0,       1953,          906,           0
    64,           967,             910,              0,       2016,          910,           0
    65,           971,             913,              0,       2080,          913,           0
    66,          1032,             973,              0,       2145,          973,           0
    67,          1058,             998,              0,       2211,          998,           0
    68,          1111,            1050,              0,       2278,         1050,           0
    69,          1130,            1068,              0,       2346,         1068,          15
    70,          1148,            1085,              0,       2415,         1085,           0
    71,          1169,            1105,              3,       2485,         1105,           0
    72,          1214,            1149,              0,       2556,         1149,           0
    73,          1269,            1203,              0,       2628,         1203,           0
    74,          1319,            1252,              0,       2701,         1252,           0
    75,          1325,            1257,              0,       2775,         1257,           0
    76,          1337,            1268,             11,       2850,         1268,           1
    77,          1356,            1286,              0,       2926,         1286,           0
    78,          1418,            1347,              0,       3003,         1347,           0
    79,          1423,            1351,              0,       3081,         1351,           0
    80,          1438,            1365,              0,       3160,         1365,          10
    81,          1512,            1438,              0,       3240,         1438,           0
    82,          1573,            1498,              0,       3321,         1498,           5
    83,          1648,            1572,              0,       3403,         1572,           0
    84,          1653,            1576,              0,       3486,         1576,           0
    85,          1677,            1599,              0,       3570,         1599,           0
    86,          1732,            1653,              0,       3655,         1653,           0
    87,          1746,            1666,              0,       3741,         1666,          14
    88,          1821,            1740,              0,       3828,         1740,           0
    89,          1877,            1795,              0,       3916,         1795,           0
    90,          1888,            1805,              0,       4005,         1805,           0
    91,          1970,            1886,              0,       4095,         1886,           0
    92,          2019,            1934,              0,       4186,         1934,          15
    93,          2021,            1935,              0,       4278,         1935,           0
    94,          2038,            1951,              0,       4371,         1951,           0
    95,          2110,            2022,              0,       4465,         2022,           0
    96,          2117,            2028,              0,       4560,         2028,          15
    97,          2200,            2110,              0,       4656,         2110,           0
    98,          2273,            2182,              0,       4753,         2182,           0
    99,          2338,            2246,              0,       4851,         2246,           0
   100,          2424,            2331,              0,       4950,         2331,          15
   101,          2518,            2424,              0,       5050,         2424,           0
   102,          2544,            2449,              0,       5151,         2449,           0
   103,          2549,            2453,              0,       5253,         2453,           0
   104,          2592,            2495,              0,       5356,         2495,          15
   105,          2696,            2599,              0,       5460,         2599,           0
   106,          2719,            2621,              0,       5565,         2621,           0
   107,          2737,            2638,              0,       5671,         2638,           0
   108,          2795,            2695,             15,       5778,         2695,           2
   109,          2831,            2730,              0,       5886,         2730,           0
   110,          2903,            2801,              0,       5995,         2801,           0
   111,          2949,            2846,             14,       6105,         2846,           0
   112,          2981,            2877,              0,       6216,         2877,           0
   113,          3007,            2902,              0,       6328,         2902,           0
   114,          3100,            2994,             15,       6441,         2994,           0
   115,          3158,            3051,              0,       6555,         3051,           0
   116,          3247,            3139,              0,       6670,         3139,           0
   117,          3344,            3235,             17,       6786,         3235,           0
   118,          3386,            3276,              0,       6903,         3276,           0
   119,          3430,            3319,              0,       7021,         3319,          14
   120,          3478,            3366,              0,       7140,         3366,           0
   121,          3504,            3391,              0,       7260,         3391,           0
   122,          3552,            3438,              0,       7381,         3438,          15
   123,          3575,            3460,              0,       7503,         3460,           0
   124,          3696,            3580,              0,       7626,         3580,           0
   125,          3705,            3588,             15,       7750,         3588,           0
   126,          3724,            3606,              7,       7875,         3606,           0
   127,          3725,            3606,              0,       8001,         3606,           8
   128,          3816,            3696,              0,       8128,         3696,           0
   129,          3908,            3787,              0,       8256,         3787,          15
   130,          4018,            3896,              0,       8385,         3896,           0
   131,          4145,            4022,              0,       8515,         4022,          15
   132,          4224,            4100,              0,       8646,         4100,           0
   133,          4326,            4201,              0,       8778,         4201,           0
   134,          4355,            4229,             15,       8911,         4229,           0
   135,          4447,            4320,              0,       9045,         4320,           0
   136,          4474,            4346,             15,       9180,         4346,           0
   137,          4485,            4356,              0,       9316,         4356,           0
   138,          4560,            4430,             15,       9453,         4430,           0
   139,          4608,            4477,              0,       9591,         4477,           0
   140,          4736,            4604,             16,       9730,         4604,           0
   141,          4849,            4716,              0,       9870,         4716,           0
   142,          4897,            4763,             15,      10011,         4763,           0
   143,          4933,            4798,              0,      10153,         4798,           0
   144,          4990,            4854,             17,      10296,         4854,           0
   145,          5033,            4896,              0,      10440,         4896,           0
   146,          5084,            4946,             14,      10585,         4946,           0
   147,          5114,            4975,              0,      10731,         4975,          15
   148,          5166,            5026,              0,      10878,         5026,           0
   149,          5280,            5139,              0,      11026,         5139,          15
   150,          5329,            5187,              0,      11175,         5187,           0
   151,          5450,            5307,             15,      11325,         5307,           3
   152,          5517,            5373,              0,      11476,         5373,           0
   153,          5528,            5383,             12,      11628,         5383,           0
   154,          5534,            5388,              0,      11781,         5388,          15
   155,          5626,            5479,              0,      11935,         5479,           0
   156,          5683,            5535,             15,      12090,         5535,           0
   157,          5780,            5631,              0,      12246,         5631,          15
   158,          5853,            5703,              4,      12403,         5703,           0
   159,          5968,            5817,             11,      12561,         5817,           1
   160,          6066,            5914,              0,      12720,         5914,          14
   161,          6200,            6047,              0,      12880,         6047,           9
   162,          6220,            6066,              0,      13041,         6066,           7
   163,          6301,            6146,              0,      13203,         6146,          15
   164,          6399,            6243,              0,      13366,         6243,           0
   165,          6478,            6321,             15,      13530,         6321,           0
   166,          6587,            6429,             15,      13695,         6429,           0
   167,          6653,            6494,              0,      13861,         6494,          15
   168,          6712,            6552,              0,      14028,         6552,          15
   169,          6875,            6714,              0,      14196,         6714,          15
   170,          6889,            6727,              1,      14365,         6727,           0
   171,          6958,            6795,             15,      14535,         6795,           0
   172,          7117,            6953,             10,      14706,         6953,           5
   173,          7223,            7058,              0,      14878,         7058,          17
   174,          7365,            7199,              0,      15051,         7199,           0
   175,          7379,            7212,             14,      15225,         7212,           0
   176,          7397,            7229,             15,      15400,         7229,           0
   177,          7493,            7324,             15,      15576,         7324,           4
   178,          7575,            7405,              0,      15753,         7405,          11
   179,          7712,            7541,              0,      15931,         7541,          15
   180,          7870,            7698,              0,      16110,         7698,          15
   181,          8036,            7863,              0,      16290,         7863,           0
   182,          8115,            7941,             15,      16471,         7941,           0
   183,          8170,            7995,             15,      16653,         7995,           0
   184,          8185,            8009,             15,      16836,         8009,          10
   185,          8265,            8088,              5,      17020,         8088,           0
   186,          8404,            8226,             15,      17205,         8226,           0
   187,          8419,            8240,              0,      17391,         8240,          15
   188,          8576,            8396,              0,      17578,         8396,          15
   189,          8596,            8415,              0,      17766,         8415,          15
   190,          8728,            8546,              0,      17955,         8546,          15
   191,          8764,            8581,              0,      18145,         8581,          16
   192,          8834,            8650,              0,      18336,         8650,          15
   193,          8911,            8726,              0,      18528,         8726,          15
   194,          9074,            8888,              0,      18721,         8888,          15
   195,          9206,            9019,              0,      18915,         9019,          15
   196,          9301,            9113,              0,      19110,         9113,          15
   197,          9468,            9279,              0,      19306,         9279,          15
   198,          9599,            9409,              7,      19503,         9409,           9
   199,          9651,            9460,              0,      19701,         9460,          15
   200,          9671,            9479,              0,      19900,         9479,          15
   201,          9759,            9566,              0,      20100,         9566,          15
   202,          9842,            9648,              0,      20301,         9648,          15
   203,          9956,            9761,             15,      20503,         9761,           0
   204,         10103,            9907,             16,      20706,         9907,           0
   205,         10166,            9969,             15,      20910,         9969,           0
   206,         10282,           10084,             15,      21115,        10084,          15
   207,         10393,           10194,              0,      21321,        10194,          15
   208,         10553,           10353,              0,      21528,        10353,          15
   209,         10672,           10471,              0,      21736,        10471,          19
   210,         10826,           10624,             12,      21945,        10624,           0
   211,         10954,           10751,             15,      22155,        10751,           0
   212,         10968,           10764,             15,      22366,        10764,          16
   213,         11121,           10916,              0,      22578,        10916,          15
   214,         11209,           11003,              0,      22791,        11003,          24
   215,         11381,           11174,              7,      23005,        11174,           0
   216,         11562,           11354,             15,      23220,        11354,          15
   217,         11688,           11479,              0,      23436,        11479,          15
   218,         11883,           11673,              0,      23653,        11673,          15
   219,         11889,           11678,             15,      23871,        11678,          15
   220,         12089,           11877,              1,      24090,        11877,          15
   221,         12166,           11953,              0,      24310,        11953,          15
   222,         12380,           12166,             15,      24531,        12166,          15
   223,         12573,           12358,              4,      24753,        12358,          11
   224,         12610,           12394,             15,      24976,        12394,           5
   225,         12613,           12396,             11,      25200,        12396,          15
   226,         12733,           12515,              0,      25425,        12515,          15
   227,         12959,           12740,             15,      25651,        12740,          15
   228,         13043,           12823,              0,      25878,        12823,          15
   229,         13080,           12859,             16,      26106,        12859,           0
   230,         13137,           12915,             15,      26335,        12915,          15
   231,         13248,           13025,              0,      26565,        13025,           0
   232,         13415,           13191,             15,      26796,        13191,          15
   233,         13554,           13329,             17,      27028,        13329,          14
   234,         13787,           13561,              0,      27261,        13561,          15
   235,         13894,           13667,             15,      27495,        13667,          15
   236,         13907,           13679,             15,      27730,        13679,           0
   237,         14003,           13774,             23,      27966,        13774,           8
   238,         14081,           13851,             15,      28203,        13851,          17
   239,         14098,           13867,              0,      28441,        13867,          14
   240,         14201,           13969,             15,      28680,        13969,          15
   241,         14331,           14098,             13,      28920,        14098,           3
   242,         14454,           14220,             15,      29161,        14220,          15
   243,         14456,           14221,             16,      29403,        14221,          15
   244,         14502,           14266,              0,      29646,        14266,          15
   245,         14653,           14416,             18,      29890,        14416,          13
   246,         14815,           14577,             15,      30135,        14577,          15
   247,         15032,           14793,              0,      30381,        14793,          15
   248,         15107,           14867,             15,      30628,        14867,          15
   249,         15273,           15032,             16,      30876,        15032,          15
   250,         15424,           15182,              0,      31125,        15182,          15
   251,         15600,           15357,             15,      31375,        15357,          15
   252,         15763,           15519,              0,      31626,        15519,          15
   253,         15847,           15602,             16,      31878,        15602,          15
   254,         15972,           15726,             15,      32131,        15726,          15
   255,         16014,           15767,             15,      32385,        15767,           0
   256,         16155,           15907,              0,      32640,        15907,          21
   257,         16314,           16065,             10,      32896,        16065,          15
   258,         16322,           16072,             17,      33153,        16072,          14
   259,         16367,           16116,              0,      33411,        16116,          15
   260,         16554,           16302,             15,      33670,        16302,          16
   261,         16663,           16410,             15,      33930,        16410,          15
   262,         16901,           16647,             15,      34191,        16647,          19
   263,         17051,           16796,             12,      34453,        16796,          17
   264,         17198,           16942,             14,      34716,        16942,          15
   265,         17409,           17152,              0,      34980,        17152,          31
   266,         17632,           17374,              0,      35245,        17374,          15
   267,         17717,           17458,             23,      35511,        17458,           8
   268,         17734,           17474,             15,      35778,        17474,          17
   269,         17973,           17712,             14,      36046,        17712,          15
   270,         18026,           17764,             15,      36315,        17764,          16
   271,         18118,           17855,             15,      36585,        17855,          15
   272,         18340,           18076,             15,      36856,        18076,          15
   273,         18417,           18152,             15,      37128,        18152,          19
   274,         18548,           18282,             12,      37401,        18282,          15
   275,         18815,           18548,             15,      37675,        18548,          15
   276,         18831,           18563,             15,      37950,        18563,          25
   277,         18897,           18628,              6,      38226,        18628,          15
   278,         19107,           18837,             15,      38503,        18837,          15
   279,         19209,           18938,             15,      38781,        18938,          15
   280,         19419,           19147,             15,      39060,        19147,          31
   281,         19572,           19299,              0,      39340,        19299,          31
   282,         19779,           19505,             15,      39621,        19505,          15
   283,         19925,           19650,             16,      39903,        19650,          15
   284,         20062,           19786,             15,      40186,        19786,          15
   285,         20068,           19791,             15,      40470,        19791,          15
   286,         20288,           20010,             16,      40755,        20010,          15
   287,         20401,           20122,             15,      41041,        20122,          15
   288,         20662,           20382,             15,      41328,        20382,          31
   289,         20843,           20562,             16,      41616,        20562,          15
   290,         20863,           20581,             15,      41905,        20581,          15
   291,         21110,           20827,             15,      42195,        20827,          24
   292,         21398,           21114,              7,      42486,        21114,          15
   293,         21545,           21260,             15,      42778,        21260,          35
   294,         21801,           21515,             12,      43071,        21515,          16
   295,         21810,           21523,             15,      43365,        21523,          15
   296,         22080,           21792,             15,      43660,        21792,          31
   297,         22363,           22074,             15,      43956,        22074,          16
   298,         22653,           22363,             15,      44253,        22363,          15
   299,         22813,           22522,             15,      44551,        22522,          31
   300,         22936,           22644,             16,      44850,        22644,          15
   301,         23007,           22714,             15,      45150,        22714,          31
   302,         23167,           22873,             15,      45451,        22873,          17
   303,         23398,           23103,             14,      45753,        23103,          31
   304,         23590,           23294,             15,      46056,        23294,          15
   305,         23884,           23587,             23,      46360,        23587,          24
   306,         24055,           23757,             15,      46665,        23757,          15
   307,         24133,           23834,             15,      46971,        23834,          31
   308,         24210,           23910,             17,      47278,        23910,          14
   309,         24511,           24210,             15,      47586,        24210,          31
   310,         24572,           24270,             19,      47895,        24270,          28
   311,         24805,           24502,             15,      48205,        24502,          15
   312,         24831,           24527,             15,      48516,        24527,          31
   313,         24846,           24541,             15,      48828,        24541,          15
   314,         24944,           24638,             15,      49141,        24638,          15
   315,         25160,           24853,             15,      49455,        24853,          31
   316,         25273,           24965,             15,      49770,        24965,          15
   317,         25459,           25150,             15,      50086,        25150,          16
   318,         25710,           25400,             15,      50403,        25400,          31
   319,         25766,           25455,             19,      50721,        25455,          28
   320,         25804,           25492,             15,      51040,        25492,          15
   321,         25905,           25592,             15,      51360,        25592,          31
   322,         25972,           25658,             18,      51681,        25658,          29
   323,         26081,           25766,             15,      52003,        25766,          31
   324,         26383,           26067,             15,      52326,        26067,          16
   325,         26665,           26348,             31,      52650,        26348,          15
   326,         26970,           26652,             15,      52975,        26652,          31
   327,         27292,           26973,             15,      53301,        26973,          31
   328,         27426,           27106,             15,      53628,        27106,          36
   329,         27745,           27424,             11,      53956,        27424,          31
   330,         27866,           27544,             15,      54285,        27544,          31
   331,         27947,           27624,             16,      54615,        27624,          31
   332,         28017,           27693,             31,      54946,        27693,          15
   333,         28032,           27707,             17,      55278,        27707,          15
   334,         28037,           27711,             31,      55611,        27711,          15
   335,         28290,           27963,             31,      55945,        27963,          15
   336,         28299,           27971,             31,      56280,        27971,          15
   337,         28614,           28285,             31,      56616,        28285,          31
   338,         28615,           28285,             15,      56953,        28285,          31
   339,         28741,           28410,             19,      57291,        28410,          27
   340,         28986,           28654,             15,      57630,        28654,          35
   341,         29227,           28894,             21,      57970,        28894,          22
   342,         29384,           29050,             31,      58311,        29050,          15
   343,         29500,           29165,             31,      58653,        29165,          31
   344,         29696,           29360,             15,      58996,        29360,          31
   345,         29887,           29550,             22,      59340,        29550,          25
   346,         30190,           29852,             31,      59685,        29852,          31
   347,         30300,           29961,             16,      60031,        29961,          31
   348,         30324,           29984,             15,      60378,        29984,          31
   349,         30543,           30202,             31,      60726,        30202,          15
   350,         30568,           30226,             31,      61075,        30226,          33
   351,         30650,           30307,             13,      61425,        30307,          31
   352,         30764,           30420,             31,      61776,        30420,          31
   353,         31067,           30722,             15,      62128,        30722,          31
   354,         31224,           30878,             15,      62481,        30878,          37
   355,         31259,           30912,             15,      62835,        30912,          31
   356,         31473,           31125,             15,      63190,        31125,          31
   357,         31690,           31341,             31,      63546,        31341,          31
   358,         31871,           31521,             15,      63903,        31521,          31
   359,         31935,           31584,             15,      64261,        31584,          31
   360,         32044,           31692,             31,      64620,        31692,          31
   361,         32287,           31934,             15,      64980,        31934,          46
   362,         32329,           31975,             16,      65341,        31975,          31
   363,         32664,           32309,             31,      65703,        32309,          31
   364,         32775,           32419,             16,      66066,        32419,          31
   365,         33091,           32734,             31,      66430,        32734,          31
   366,         33357,           32999,             15,      66795,        32999,          31
   367,         33411,           33052,             31,      67161,        33052,          31
   368,         33529,           33169,             31,      67528,        33169,          31
   369,         33730,           33369,             23,      67896,        33369,          23
   370,         34063,           33701,             31,      68265,        33701,          31
   371,         34115,           33752,             31,      68635,        33752,          31
   372,         34318,           33954,             15,      69006,        33954,          35
   373,         34675,           34310,             27,      69378,        34310,          31
   374,         35017,           34651,             31,      69751,        34651,          31
   375,         35191,           34824,             31,      70125,        34824,          31
   376,         35314,           34946,             16,      70500,        34946,          46
   377,         35408,           35039,             15,      70876,        35039,          38
   378,         35752,           35382,             25,      71253,        35382,          31
   379,         35781,           35410,             31,      71631,        35410,          31
   380,         36086,           35714,             31,      72010,        35714,          31
   381,         36156,           35783,             31,      72390,        35783,          31
   382,         36167,           35793,             31,      72771,        35793,          31
   383,         36177,           35802,             31,      73153,        35802,          31
   384,         36478,           36102,             31,      73536,        36102,          31
   385,         36492,           36115,             31,      73920,        36115,          36
   386,         36768,           36390,             26,      74305,        36390,          31
   387,         37094,           36715,             31,      74691,        36715,          31
   388,         37285,           36905,             31,      75078,        36905,          46
   389,         37488,           37107,             14,      75466,        37107,          46
   390,         37796,           37414,             31,      75855,        37414,          31
   391,         37926,           37543,             31,      76245,        37543,          47
   392,         38001,           37617,             31,      76636,        37617,          46
   393,         38197,           37812,             19,      77028,        37812,          43
   394,         38513,           38127,             31,      77421,        38127,          47
   395,         38599,           38212,             31,      77815,        38212,          31
   396,         38870,           38482,             31,      78210,        38482,          46
   397,         39113,           38724,             31,      78606,        38724,          31
   398,         39415,           39025,             15,      79003,        39025,          47
   399,         39681,           39290,             31,      79401,        39290,          46
   400,         39971,           39579,             31,      79800,        39579,          46
   401,         40095,           39702,             31,      80200,        39702,          31
   402,         40281,           39887,             31,      80601,        39887,          47
   403,         40353,           39958,             15,      81003,        39958,          46
   404,         40610,           40214,             31,      81406,        40214,          31
   405,         40841,           40444,             31,      81810,        40444,          47
   406,         41075,           40677,             31,      82215,        40677,          31
   407,         41265,           40866,             32,      82621,        40866,          45
   408,         41515,           41115,             31,      83028,        41115,          31
   409,         41850,           41449,             31,      83436,        41449,          46
   410,         41896,           41494,             31,      83845,        41494,          31
   411,         42184,           41781,             31,      84255,        41781,          47
   412,         42207,           41803,             31,      84666,        41803,          47
   413,         42471,           42066,             31,      85078,        42066,          31
   414,         42503,           42097,             31,      85491,        42097,          46
   415,         42589,           42182,             31,      85905,        42182,          47
   416,         42771,           42363,             31,      86320,        42363,          47
   417,         42785,           42376,             31,      86736,        42376,          31
   418,         42956,           42546,             34,      87153,        42546,          44
   419,         43374,           42964,             31,      87571,        42964,          47
   420,         43529,           43118,             31,      87990,        43118,          47
   421,         43882,           43470,             31,      88410,        43470,          31
   422,         44047,           43634,             36,      88831,        43634,          41
   423,         44415,           44001,             31,      89253,        44001,          62
   424,         44735,           44320,             31,      89676,        44320,          33
   425,         45002,           44586,             29,      90100,        44586,          46
   426,         45036,           44619,             36,      90525,        44619,          41
   427,         45116,           44698,             44,      90951,        44698,          33
   428,         45375,           44956,             31,      91378,        44956,          47
   429,         45492,           45072,             31,      91806,        45072,          56
   430,         45796,           45375,             37,      92235,        45375,          46
   431,         45989,           45567,             31,      92665,        45567,          46
   432,         46088,           45665,             31,      93096,        45665,          47
   433,         46102,           45678,             31,      93528,        45678,          47
   434,         46503,           46078,             31,      93961,        46078,          49
   435,         46891,           46465,             29,      94395,        46465,          46
   436,         47231,           46804,             47,      94830,        46804,          46
   437,         47526,           47098,             31,      95266,        47098,          46
   438,         47945,           47516,             31,      95703,        47516,          47
   439,         48245,           47815,             31,      96141,        47815,          62
   440,         48589,           48158,             31,      96580,        48158,          47
   441,         48634,           48202,             30,      97020,        48202,          46
   442,         48826,           48393,             31,      97461,        48393,          62
   443,         48959,           48525,             31,      97903,        48525,          46
   444,         49092,           48657,             31,      98346,        48657,          62
   445,         49272,           48836,             31,      98790,        48836,          47
   446,         49426,           48989,             31,      99235,        48989,          47
   447,         49513,           49075,             31,      99681,        49075,          52
   448,         49561,           49122,             26,     100128,        49122,          46
   449,         49672,           49232,             47,     100576,        49232,          46
   450,         49914,           49473,             33,     101025,        49473,          60
   451,         50270,           49828,             31,     101475,        49828,          47
   452,         50655,           50212,             31,     101926,        50212,          62
   453,         51001,           50557,             31,     102378,        50557,          47
   454,         51317,           50872,             46,     102831,        50872,          47
   455,         51739,           51293,             31,     103285,        51293,          63
   456,         51965,           51518,             31,     103740,        51518,          65
   457,         52020,           51572,             28,     104196,        51572,          46
   458,         52087,           51638,             31,     104653,        51638,          46
   459,         52486,           52036,             47,     105111,        52036,          46
   460,         52649,           52198,             47,     105570,        52198,          46
   461,         52911,           52459,             46,     106030,        52459,          46
   462,         53015,           52562,             31,     106491,        52562,          62
   463,         53244,           52790,             31,     106953,        52790,          62
   464,         53657,           53202,             31,     107416,        53202,          62
   465,         54012,           53556,             31,     107880,        53556,          62
   466,         54458,           54001,             31,     108345,        54001,          63
   467,         54492,           54034,             31,     108811,        54034,          62
   468,         54673,           54214,             47,     109278,        54214,          47
   469,         54865,           54405,             46,     109746,        54405,          47
   470,         55005,           54544,             46,     110215,        54544,          53
   471,         55330,           54868,             40,     110685,        54868,          59
   472,         55427,           54964,             34,     111156,        54964,          65
   473,         55778,           55314,             44,     111628,        55314,          62
   474,         56104,           55639,             31,     112101,        55639,          62
   475,         56383,           55917,             47,     112575,        55917,          62
   476,         56842,           56375,             46,     113050,        56375,          62
   477,         56921,           56453,             46,     113526,        56453,          62
   478,         57016,           56547,             31,     114003,        56547,          62
   479,         57463,           56993,             31,     114481,        56993,          62
   480,         57687,           57216,             46,     114960,        57216,          62
   481,         57715,           57243,             31,     115440,        57243,          62
   482,         57719,           57246,             46,     115921,        57246,          62
   483,         57778,           57304,             31,     116403,        57304,          62
   484,         58052,           57577,             46,     116886,        57577,          62
   485,         58235,           57759,             31,     117370,        57759,          62
   486,         58659,           58182,             46,     117855,        58182,          62
   487,         59022,           58544,             46,     118341,        58544,          62
   488,         59135,           58656,             31,     118828,        58656,          62
   489,         59592,           59112,             46,     119316,        59112,          62
   490,         59753,           59272,             49,     119805,        59272,          60
   491,         59890,           59408,             47,     120295,        59408,          62
   492,         59937,           59454,             47,     120786,        59454,          62
   493,         60381,           59897,             47,     121278,        59897,          62
   494,         60853,           60368,             47,     121771,        60368,          63
   495,         61136,           60650,             45,     122265,        60650,          62
   496,         61191,           60704,             46,     122760,        60704,          63
   497,         61383,           60895,             46,     123256,        60895,          62
   498,         61847,           61358,             46,     123753,        61358,          62
   499,         62343,           61853,             46,     124251,        61853,          62
   500,         62517,           62026,             53,     124750,        62026,          56
   501,         62710,           62218,             47,     125250,        62218,          62
   502,         63092,           62599,             47,     125751,        62599,          78
   503,         63556,           63062,             47,     126253,        63062,          62
   504,         63577,           63082,             46,     126756,        63082,          62
   505,         63969,           63473,             46,     127260,        63473,          63
   506,         64266,           63769,             46,     127765,        63769,          78
   507,         64573,           64075,             46,     128271,        64075,          62
   508,         64961,           64462,             47,     128778,        64462,          62
   509,         65146,           64646,             48,     129286,        64646,          61
   510,         65392,           64891,             62,     129795,        64891,          62
   511,         65883,           65381,             46,     130305,        65381,          62
   512,         65997,           65494,             46,     130816,        65494,          78
   513,         66155,           65651,             48,     131328,        65651,          61
   514,         66451,           65946,             64,     131841,        65946,          60
   515,         66586,           66080,             62,     132355,        66080,          78
   516,         67070,           66563,             46,     132870,        66563,          78
   517,         67549,           67041,             46,     133386,        67041,          78
   518,         67562,           67053,             47,     133903,        67053,          62
   519,         67961,           67451,             47,     134421,        67451,          78
   520,         68471,           67960,             47,     134940,        67960,          62
   521,         68696,           68184,             62,     135460,        68184,          62
   522,         68702,           68189,             46,     135981,        68189,          78
   523,         69149,           68635,             63,     136503,        68635,          80
   524,         69191,           68676,             44,     137026,        68676,          78
   525,         69634,           69118,             62,     137550,        69118,          78
   526,         70079,           69562,             47,     138075,        69562,          89
   527,         70356,           69838,             51,     138601,        69838,          78
   528,         70682,           70163,             46,     139128,        70163,          78
   529,         71163,           70643,             47,     139656,        70643,          78
   530,         71477,           70956,             47,     140185,        70956,          78
   531,         71678,           71156,             62,     140715,        71156,          62
   532,         72118,           71595,             68,     141246,        71595,          72
   533,         72371,           71847,             47,     141778,        71847,          80
   534,         72860,           72335,             44,     142311,        72335,          78
   535,         73031,           72505,             62,     142845,        72505,          62
   536,         73249,           72722,             63,     143380,        72722,          78
   537,         73409,           72881,             47,     143916,        72881,          83
   538,         73912,           73383,             42,     144453,        73383,          78
   539,         73966,           73436,             62,     144991,        73436,          62
   540,         74102,           73571,             47,     145530,        73571,          78
   541,         74274,           73742,             46,     146070,        73742,          78
   542,         74351,           73818,             62,     146611,        73818,          78
   543,         74830,           74296,             47,     147153,        74296,          79
   544,         74966,           74431,             46,     147696,        74431,          78
   545,         75467,           74931,             62,     148240,        74931,          78
   546,         75719,           75182,             47,     148785,        75182,          94
   547,         76120,           75582,             62,     149331,        75582,          78
   548,         76137,           75598,             62,     149878,        75598,          78
   549,         76378,           75838,             62,     150426,        75838,          78
   550,         76638,           76097,             62,     150975,        76097,         110
   551,         76805,           76263,             62,           ,             ,            
   552,         76856,           76313,             62,           ,             ,            
   553,         76960,           76416,             56,           ,             ,            
   554,         77150,           76605,             53,           ,             ,            
   555,         77317,           76771,             62,           ,             ,            
   556,         77682,           77135,             83,           ,             ,            
   557,         78028,           77480,             58,           ,             ,            
   558,         78153,           77604,             47,           ,             ,            
   559,         78533,           77983,             62,           ,             ,            
   560,         78566,           78015,             63,           ,             ,            
   561,         79065,           78513,             68,           ,             ,            
   562,         79187,           78634,             56,           ,             ,            
   563,         79451,           78897,             62,           ,             ,            
   564,         79495,           78940,             62,           ,             ,            
   565,         79832,           79276,             63,           ,             ,            
   566,         80060,           79503,             55,           ,             ,            
   567,         80564,           80006,             54,           ,             ,            
   568,         80931,           80372,             63,           ,             ,            
   569,         81258,           80698,             62,           ,             ,            
   570,         81777,           81216,             63,           ,             ,            
   571,         81821,           81259,             62,           ,             ,            
   572,         81879,           81316,             62,           ,             ,            
   573,         82129,           81565,             62,           ,             ,            
   574,         82678,           82113,             68,           ,             ,            
   575,         82902,           82336,             56,           ,             ,            
   576,         83098,           82531,             62,           ,             ,            
   577,         83132,           82564,             62,           ,             ,            
   578,         83600,           83031,             62,           ,             ,            
   579,         83814,           83244,             62,           ,             ,            
   580,         84364,           83793,             62,           ,             ,            
   581,         84457,           83885,             62,           ,             ,            
   582,         84480,           83907,             67,           ,             ,            
   583,         84662,           84088,             57,           ,             ,            
   584,         85155,           84580,             62,           ,             ,            
   585,         85555,           84979,             62,           ,             ,            
   586,         85708,           85131,             63,           ,             ,            
   587,         86043,           85465,             62,           ,             ,            
   588,         86430,           85851,             62,           ,             ,            
   589,         87018,           86439,             78,           ,             ,            
   590,         87564,           86984,             63,           ,             ,            
   591,         87779,           87198,             62,           ,             ,            
   592,         87789,           87207,             62,           ,             ,            
   593,         88077,           87494,             63,           ,             ,            
   594,         88650,           88066,             78,           ,             ,            
   595,         88653,           88068,             62,           ,             ,            
   596,         88836,           88250,             79,           ,             ,            
   597,         89191,           88604,             62,           ,             ,            
   598,         89719,           89131,             62,           ,             ,            
   599,         89983,           89394,             78,           ,             ,            
   600,         90566,           89976,             78,           ,             ,            
   601,         90784,           90193,             97,           ,             ,            
   602,         90963,           90371,             91,           ,             ,            
   603,         91080,           90487,             78,           ,             ,            
   604,         91512,           90918,             78,           ,             ,            
   605,         92066,           91471,             78,           ,             ,            
   606,         92627,           92031,             94,           ,             ,            
   607,         93151,           92554,             77,           ,             ,            
   608,         93543,           92945,             78,           ,             ,            
   609,         93976,           93377,             63,           ,             ,            
   610,         94071,           93471,             78,           ,             ,            
   611,         94466,           93865,             78,           ,             ,            
   612,         95068,           94466,             61,           ,             ,            
   613,         95360,           94757,             81,           ,             ,            
   614,         95913,           95309,             75,           ,             ,            
   615,         96527,           95922,             62,           ,             ,            
   616,         96557,           95951,             78,           ,             ,            
   617,         96963,           96356,             78,           ,             ,            
   618,         97447,           96839,             78,           ,             ,            
   619,         97866,           97257,             62,           ,             ,            
   620,         97945,           97335,             78,           ,             ,            
   621,         98515,           97904,             78,           ,             ,            
   622,         99057,           98445,             78,           ,             ,            
   623,         99128,           98515,             79,           ,             ,            
   624,         99154,           98540,             76,           ,             ,            
   625,         99670,           99055,             78,           ,             ,            
   626,         99941,           99325,             78,           ,             ,            
   627,        100472,           99855,             80,           ,             ,            
   628,        100719,          100101,             76,           ,             ,            
   629,        101089,          100470,             78,           ,             ,            
   630,        101400,          100780,             78,           ,             ,            
   631,        101928,          101307,             78,           ,             ,            
   632,        101991,          101369,             62,           ,             ,            
   633,        102226,          101603,             79,           ,             ,            
   634,        102322,          101698,             79,           ,             ,            
   635,        102463,          101838,             78,           ,             ,            
   636,        103034,          102408,             94,           ,             ,            
   637,        103193,          102566,             78,           ,             ,            
   638,        103370,          102742,             78,           ,             ,            
   639,        103849,          103220,             79,           ,             ,            
   640,        104458,          103828,             79,           ,             ,            
   641,        104814,          104183,             79,           ,             ,            
   642,        104856,          104224,             78,           ,             ,            
   643,        105097,          104464,             95,           ,             ,            
   644,        105457,          104823,             78,           ,             ,            
   645,        106036,          105401,             85,           ,             ,            
   646,        106510,          105874,             86,           ,             ,            
   647,        106658,          106021,             78,           ,             ,            
   648,        106972,          106334,             78,           ,             ,            
   649,        107509,          106870,             92,           ,             ,            
   650,        107665,          107025,             79,           ,             ,            
   651,        107883,          107242,             88,           ,             ,            
   652,        108487,          107845,             85,           ,             ,            
   653,        109016,          108373,             78,           ,             ,            
   654,        109240,          108596,             78,           ,             ,            
   655,        109877,          109232,             95,           ,             ,            
   656,        110186,          109540,             78,           ,             ,            
   657,        110392,          109745,             95,           ,             ,            
   658,        110598,          109950,             85,           ,             ,            
